minute,hour,day,month,co
0,0,1,1,.18
0,1,1,1,.19
0,2,1,1,.22
0,3,1,1,.21
0,4,1,1,.24
0,5,1,1,.32
0,6,1,1,.34
0,7,1,1,.34
0,8,1,1,.33
0,9,1,1,.28
0,10,1,1,.28
0,11,1,1,.22
0,12,1,1,.21
0,13,1,1,.2
0,14,1,1,.2
0,15,1,1,.21
0,16,1,1,.21
0,17,1,1,.22
0,18,1,1,.2
0,19,1,1,.2
0,20,1,1,.17
0,21,1,1,.17
0,22,1,1,.15
0,23,1,1,.17
0,0,2,1,.17
0,1,2,1,.17
0,2,2,1,.19
0,3,2,1,.19
0,4,2,1,.18
0,5,2,1,.16
0,6,2,1,.16
0,7,2,1,.16
0,8,2,1,.17
0,9,2,1,.22
0,10,2,1,.2
0,11,2,1,.21
0,12,2,1,.2
0,13,2,1,.17
0,14,2,1,.18
0,15,2,1,.19
0,16,2,1,.24
0,17,2,1,.28
0,18,2,1,.25
0,19,2,1,.23
0,20,2,1,.2
0,21,2,1,.23
0,22,2,1,.2
0,23,2,1,.3
0,0,3,1,.36
0,1,3,1,.26
0,2,3,1,.27
0,3,3,1,.31
0,4,3,1,.3
0,5,3,1,.24
0,6,3,1,.23
0,7,3,1,.22
0,8,3,1,.23
0,9,3,1,.24
0,10,3,1,.21
0,11,3,1,.19
0,12,3,1,.17
0,13,3,1,.17
0,14,3,1,.18
0,15,3,1,.2
0,16,3,1,.19
0,17,3,1,.25
0,18,3,1,.25
0,19,3,1,.26
0,20,3,1,.26
0,21,3,1,.26
0,22,3,1,.25
0,23,3,1,.25
0,0,4,1,.25
0,1,4,1,.24
0,2,4,1,.24
0,3,4,1,.24
0,4,4,1,.24
0,5,4,1,.19
0,6,4,1,.19
0,7,4,1,.2
0,8,4,1,.2
0,9,4,1,.19
0,10,4,1,.2
0,11,4,1,.21
0,12,4,1,.22
0,13,4,1,.25
0,14,4,1,.22
0,15,4,1,.21
0,16,4,1,.23
0,17,4,1,.27
0,18,4,1,.25
0,19,4,1,.27
0,20,4,1,.28
0,21,4,1,.3
0,22,4,1,.28
0,23,4,1,.26
0,0,5,1,.25
0,1,5,1,.23
0,2,5,1,.25
0,3,5,1,.25
0,4,5,1,.25
0,5,5,1,.26
0,6,5,1,.27
0,7,5,1,.3
0,8,5,1,.32
0,9,5,1,.24
0,10,5,1,.23
0,11,5,1,.22
0,12,5,1,.22
0,13,5,1,.21
0,14,5,1,.21
0,15,5,1,.22
0,16,5,1,.24
0,17,5,1,.29
0,18,5,1,.27
0,19,5,1,.27
0,20,5,1,.3
0,21,5,1,.3
0,22,5,1,.26
0,23,5,1,.22
0,0,6,1,.19
0,1,6,1,.19
0,2,6,1,.21
0,3,6,1,.19
0,4,6,1,.16
0,5,6,1,.15
0,6,6,1,.15
0,7,6,1,.16
0,8,6,1,.16
0,9,6,1,.17
0,10,6,1,.16
0,11,6,1,.18
0,12,6,1,.17
0,13,6,1,.18
0,14,6,1,.18
0,15,6,1,.18
0,16,6,1,.19
0,17,6,1,.22
0,18,6,1,.2
0,19,6,1,.21
0,20,6,1,.19
0,21,6,1,.18
0,22,6,1,.17
0,23,6,1,.17
0,0,7,1,.17
0,1,7,1,.16
0,2,7,1,.15
0,3,7,1,.16
0,4,7,1,.16
0,5,7,1,.13
0,6,7,1,.13
0,7,7,1,.13
0,8,7,1,.14
0,9,7,1,.14
0,10,7,1,.14
0,11,7,1,.14
0,12,7,1,.15
0,13,7,1,.13
0,14,7,1,.15
0,15,7,1,.15
0,16,7,1,.14
0,17,7,1,.13
0,18,7,1,.13
0,19,7,1,.14
0,20,7,1,.13
0,21,7,1,.14
0,22,7,1,.13
0,23,7,1,.16
0,0,8,1,.15
0,1,8,1,.14
0,2,8,1,.14
0,3,8,1,.14
0,4,8,1,.14
0,5,8,1,.13
0,6,8,1,.13
0,7,8,1,.14
0,8,8,1,.16
0,9,8,1,.14
0,10,8,1,.13
0,11,8,1,.18
0,12,8,1,.16
0,13,8,1,.17
0,14,8,1,.16
0,15,8,1,.16
0,16,8,1,.17
0,17,8,1,.17
0,18,8,1,.16
0,19,8,1,.15
0,20,8,1,.14
0,21,8,1,.13
0,22,8,1,.12
0,23,8,1,.13
0,0,9,1,.13
0,1,9,1,.11
0,2,9,1,.11
0,3,9,1,.12
0,4,9,1,.11
0,5,9,1,.13
0,6,9,1,.13
0,7,9,1,.14
0,8,9,1,.14
0,9,9,1,.16
0,10,9,1,.14
0,11,9,1,.15
0,12,9,1,.16
0,13,9,1,.15
0,14,9,1,.15
0,15,9,1,.16
0,16,9,1,.16
0,17,9,1,.18
0,18,9,1,.17
0,19,9,1,.18
0,20,9,1,.19
0,21,9,1,.2
0,22,9,1,.19
0,23,9,1,.15
0,0,10,1,.13
0,1,10,1,.13
0,2,10,1,.13
0,3,10,1,.14
0,4,10,1,.14
0,5,10,1,.14
0,6,10,1,.15
0,7,10,1,.16
0,8,10,1,.15
0,9,10,1,.15
0,10,10,1,.14
0,11,10,1,.15
0,12,10,1,.16
0,13,10,1,.16
0,14,10,1,.18
0,15,10,1,.19
0,16,10,1,.21
0,17,10,1,.19
0,18,10,1,.22
0,19,10,1,.22
0,20,10,1,.23
0,21,10,1,.38
0,22,10,1,.29
0,23,10,1,.31
0,0,11,1,.32
0,1,11,1,.29
0,2,11,1,.27
0,3,11,1,.26
0,4,11,1,.24
0,5,11,1,.23
0,6,11,1,.26
0,7,11,1,.31
0,8,11,1,.31
0,9,11,1,.32
0,10,11,1,.27
0,11,11,1,.31
0,12,11,1,.29
0,13,11,1,.28
0,14,11,1,.28
0,15,11,1,.26
0,16,11,1,.28
0,17,11,1,.29
0,18,11,1,.31
0,19,11,1,.27
0,20,11,1,.27
0,21,11,1,.27
0,22,11,1,.26
0,23,11,1,.21
0,0,12,1,.19
0,1,12,1,.18
0,2,12,1,.18
0,3,12,1,.18
0,4,12,1,.18
0,5,12,1,.22
0,6,12,1,.22
0,7,12,1,.24
0,8,12,1,.26
0,9,12,1,.24
0,10,12,1,.26
0,11,12,1,.22
0,12,12,1,.21
0,13,12,1,.21
0,14,12,1,.21
0,15,12,1,.24
0,16,12,1,.27
0,17,12,1,.24
0,18,12,1,.25
0,19,12,1,.25
0,20,12,1,.22
0,21,12,1,.26
0,22,12,1,.22
0,23,12,1,.24
0,0,13,1,.24
0,1,13,1,.23
0,2,13,1,.25
0,3,13,1,.25
0,4,13,1,.25
0,5,13,1,.27
0,6,13,1,.29
0,7,13,1,.3
0,8,13,1,.31
0,9,13,1,.32
0,10,13,1,.29
0,11,13,1,.28
0,12,13,1,.27
0,13,13,1,.3
0,14,13,1,.3
0,15,13,1,.28
0,16,13,1,.3
0,17,13,1,.25
0,18,13,1,.21
0,19,13,1,.21
0,20,13,1,.21
0,21,13,1,.21
0,22,13,1,.23
0,23,13,1,.27
0,0,14,1,.25
0,1,14,1,.24
0,2,14,1,.23
0,3,14,1,.22
0,4,14,1,.23
0,5,14,1,.23
0,6,14,1,.3
0,7,14,1,.33
0,8,14,1,.31
0,9,14,1,.26
0,10,14,1,.26
0,11,14,1,.23
0,12,14,1,.23
0,13,14,1,.24
0,14,14,1,.23
0,15,14,1,.22
0,16,14,1,.25
0,17,14,1,.27
0,18,14,1,.26
0,19,14,1,.26
0,20,14,1,.27
0,21,14,1,.27
0,22,14,1,.27
0,23,14,1,.24
0,0,15,1,.23
0,1,15,1,.21
0,2,15,1,.22
0,3,15,1,.23
0,4,15,1,.24
0,5,15,1,.22
0,6,15,1,.24
0,7,15,1,.23
0,8,15,1,.23
0,9,15,1,.23
0,10,15,1,.22
0,11,15,1,.24
0,12,15,1,.23
0,13,15,1,.22
0,14,15,1,.25
0,15,15,1,.23
0,16,15,1,.24
0,17,15,1,.27
0,18,15,1,.27
0,19,15,1,.26
0,20,15,1,.25
0,21,15,1,.24
0,22,15,1,.24
0,23,15,1,.26
0,0,16,1,.25
0,1,16,1,.24
0,2,16,1,.24
0,3,16,1,.23
0,4,16,1,.23
0,5,16,1,.2
0,6,16,1,.2
0,7,16,1,.2
0,8,16,1,.2
0,9,16,1,.21
0,10,16,1,.22
0,11,16,1,.27
0,12,16,1,.28
0,13,16,1,.29
0,14,16,1,.3
0,15,16,1,.31
0,16,16,1,.46
0,17,16,1,.47
0,18,16,1,.5
0,19,16,1,.52
0,20,16,1,.47
0,21,16,1,.34
0,22,16,1,.29
0,23,16,1,.25
0,0,17,1,.23
0,1,17,1,.22
0,2,17,1,.23
0,3,17,1,.21
0,4,17,1,.21
0,5,17,1,.22
0,6,17,1,.21
0,7,17,1,.21
0,8,17,1,.21
0,9,17,1,.22
0,10,17,1,.2
0,11,17,1,.15
0,12,17,1,.14
0,13,17,1,.14
0,14,17,1,.13
0,15,17,1,.13
0,16,17,1,.13
0,17,17,1,.17
0,18,17,1,.18
0,19,17,1,.18
0,20,17,1,.17
0,21,17,1,.16
0,22,17,1,.16
0,23,17,1,.17
0,0,18,1,.17
0,1,18,1,.17
0,2,18,1,.17
0,3,18,1,.18
0,4,18,1,.18
0,5,18,1,.12
0,6,18,1,.12
0,7,18,1,.13
0,8,18,1,.15
0,9,18,1,.18
0,10,18,1,.15
0,11,18,1,.17
0,12,18,1,.17
0,13,18,1,.16
0,14,18,1,.16
0,15,18,1,.17
0,16,18,1,.19
0,17,18,1,.2
0,18,18,1,.21
0,19,18,1,.19
0,20,18,1,.22
0,21,18,1,.19
0,22,18,1,.18
0,23,18,1,.19
0,0,19,1,.19
0,1,19,1,.21
0,2,19,1,.2
0,3,19,1,.19
0,4,19,1,.2
0,5,19,1,.22
0,6,19,1,.23
0,7,19,1,.29
0,8,19,1,.37
0,9,19,1,.36
0,10,19,1,.25
0,11,19,1,.22
0,12,19,1,.19
0,13,19,1,.21
0,14,19,1,.21
0,15,19,1,.21
0,16,19,1,.25
0,17,19,1,.22
0,18,19,1,.22
0,19,19,1,.25
0,20,19,1,.23
0,21,19,1,.26
0,22,19,1,.22
0,23,19,1,.25
0,0,20,1,.24
0,1,20,1,.23
0,2,20,1,.24
0,3,20,1,.25
0,4,20,1,.27
0,5,20,1,.27
0,6,20,1,.24
0,7,20,1,.21
0,8,20,1,.17
0,9,20,1,.16
0,10,20,1,.15
0,11,20,1,.14
0,12,20,1,.13
0,13,20,1,.13
0,14,20,1,.14
0,15,20,1,.14
0,16,20,1,.15
0,17,20,1,.15
0,18,20,1,.15
0,19,20,1,.15
0,20,20,1,.16
0,21,20,1,.15
0,22,20,1,.22
0,23,20,1,.24
0,0,21,1,.23
0,1,21,1,.2
0,2,21,1,.2
0,3,21,1,.19
0,4,21,1,.21
0,5,21,1,.2
0,6,21,1,.21
0,7,21,1,.23
0,8,21,1,.22
0,9,21,1,.21
0,10,21,1,.23
0,11,21,1,.25
0,12,21,1,.26
0,13,21,1,.26
0,14,21,1,.26
0,15,21,1,.26
0,16,21,1,.27
0,17,21,1,.31
0,18,21,1,.27
0,19,21,1,.26
0,20,21,1,.25
0,21,21,1,.26
0,22,21,1,.33
0,23,21,1,.38
0,0,22,1,.42
0,1,22,1,.26
0,2,22,1,.22
0,3,22,1,.21
0,4,22,1,.2
0,5,22,1,.2
0,6,22,1,.21
0,7,22,1,.23
0,8,22,1,.21
0,9,22,1,.21
0,10,22,1,.2
0,11,22,1,.19
0,12,22,1,.18
0,13,22,1,.17
0,14,22,1,.16
0,15,22,1,.17
0,16,22,1,.18
0,17,22,1,.18
0,18,22,1,.17
0,19,22,1,.18
0,20,22,1,.17
0,21,22,1,.15
0,22,22,1,.14
0,23,22,1,.13
0,0,23,1,.12
0,1,23,1,.12
0,2,23,1,.12
0,3,23,1,.12
0,4,23,1,.11
0,5,23,1,.12
0,6,23,1,.13
0,7,23,1,.13
0,8,23,1,.14
0,9,23,1,.13
0,10,23,1,.16
0,11,23,1,.13
0,12,23,1,.13
0,13,23,1,.13
0,14,23,1,.14
0,15,23,1,.14
0,16,23,1,.15
0,17,23,1,.18
0,18,23,1,.18
0,19,23,1,.18
0,20,23,1,.16
0,21,23,1,.16
0,22,23,1,.15
0,23,23,1,.16
0,0,24,1,.16
0,1,24,1,.16
0,2,24,1,.16
0,3,24,1,.16
0,4,24,1,.16
0,5,24,1,.18
0,6,24,1,.17
0,7,24,1,.17
0,8,24,1,.18
0,9,24,1,.19
0,10,24,1,.18
0,11,24,1,.16
0,12,24,1,.15
0,13,24,1,.16
0,14,24,1,.16
0,15,24,1,.16
0,16,24,1,.16
0,17,24,1,.23
0,18,24,1,.19
0,19,24,1,.19
0,20,24,1,.2
0,21,24,1,.2
0,22,24,1,.2
0,23,24,1,.25
0,0,25,1,.27
0,1,25,1,.26
0,2,25,1,.27
0,3,25,1,.21
0,4,25,1,.18
0,5,25,1,.2
0,6,25,1,.27
0,7,25,1,.31
0,8,25,1,.42
0,9,25,1,.46
0,10,25,1,.25
0,11,25,1,.4
0,12,25,1,.27
0,13,25,1,.25
0,14,25,1,.28
0,15,25,1,.26
0,16,25,1,.25
0,17,25,1,.21
0,18,25,1,.21
0,19,25,1,.24
0,20,25,1,.23
0,21,25,1,.23
0,22,25,1,.26
0,23,25,1,.25
0,0,26,1,.29
0,1,26,1,.26
0,2,26,1,.31
0,3,26,1,.26
0,4,26,1,.25
0,5,26,1,.28
0,6,26,1,.27
0,7,26,1,.25
0,8,26,1,.27
0,9,26,1,.23
0,10,26,1,.21
0,11,26,1,.2
0,12,26,1,.2
0,13,26,1,.2
0,14,26,1,.2
0,15,26,1,.2
0,16,26,1,.21
0,17,26,1,.23
0,18,26,1,.21
0,19,26,1,.2
0,20,26,1,.2
0,21,26,1,.2
0,22,26,1,.19
0,23,26,1,.16
0,0,27,1,.14
0,1,27,1,.14
0,2,27,1,.15
0,3,27,1,.15
0,4,27,1,.16
0,5,27,1,.17
0,6,27,1,.17
0,7,27,1,.17
0,8,27,1,.18
0,9,27,1,.18
0,10,27,1,.17
0,11,27,1,.17
0,12,27,1,.17
0,13,27,1,.16
0,14,27,1,.17
0,15,27,1,.17
0,16,27,1,.17
0,17,27,1,.18
0,18,27,1,.19
0,19,27,1,.18
0,20,27,1,.17
0,21,27,1,.16
0,22,27,1,.15
0,23,27,1,.15
0,0,28,1,.15
0,1,28,1,.14
0,2,28,1,.14
0,3,28,1,.14
0,4,28,1,.14
0,5,28,1,.15
0,6,28,1,.17
0,7,28,1,.18
0,8,28,1,.18
0,9,28,1,.15
0,10,28,1,.16
0,11,28,1,.17
0,12,28,1,.16
0,13,28,1,.15
0,14,28,1,.17
0,15,28,1,.16
0,16,28,1,.18
0,17,28,1,.16
0,18,28,1,.14
0,19,28,1,.14
0,20,28,1,.15
0,21,28,1,.14
0,22,28,1,.12
0,23,28,1,.11
0,0,29,1,.1
0,1,29,1,.1
0,2,29,1,.1
0,3,29,1,.1
0,4,29,1,.1
0,5,29,1,.16
0,6,29,1,.17
0,7,29,1,.16
0,8,29,1,.2
0,9,29,1,.17
0,10,29,1,.17
0,11,29,1,.2
0,12,29,1,.15
0,13,29,1,.16
0,14,29,1,.15
0,15,29,1,.15
0,16,29,1,.16
0,17,29,1,.18
0,18,29,1,.18
0,19,29,1,.23
0,20,29,1,.2
0,21,29,1,.18
0,22,29,1,.19
0,23,29,1,.18
0,0,30,1,.16
0,1,30,1,.15
0,2,30,1,.16
0,3,30,1,.16
0,4,30,1,.15
0,5,30,1,.15
0,6,30,1,.15
0,7,30,1,.16
0,8,30,1,.14
0,9,30,1,.18
0,10,30,1,.15
0,11,30,1,.18
0,12,30,1,.16
0,13,30,1,.15
0,14,30,1,.16
0,15,30,1,.16
0,16,30,1,.16
0,17,30,1,.17
0,18,30,1,.19
0,19,30,1,.23
0,20,30,1,.27
0,21,30,1,.33
0,22,30,1,.33
0,23,30,1,.28
0,0,31,1,.27
0,1,31,1,.28
0,2,31,1,.31
0,3,31,1,.25
0,4,31,1,.24
0,5,31,1,.2
0,6,31,1,.2
0,7,31,1,.19
0,8,31,1,.23
0,9,31,1,.19
0,10,31,1,.17
0,11,31,1,.21
0,12,31,1,.23
0,13,31,1,.22
0,14,31,1,.22
0,15,31,1,.22
0,16,31,1,.23
0,17,31,1,.25
0,18,31,1,.23
0,19,31,1,.22
0,20,31,1,.29
0,21,31,1,.26
0,22,31,1,.26
0,23,31,1,.35
0,0,1,2,.45
0,1,1,2,.48
0,2,1,2,.37
0,3,1,2,.37
0,4,1,2,.35
0,5,1,2,.37
0,6,1,2,.33
0,7,1,2,.32
0,8,1,2,.42
0,9,1,2,.28
0,10,1,2,.27
0,11,1,2,.21
0,12,1,2,.18
0,13,1,2,.18
0,14,1,2,.19
0,15,1,2,.19
0,16,1,2,.21
0,17,1,2,.26
0,18,1,2,.37
0,19,1,2,.29
0,20,1,2,.35
0,21,1,2,.4
0,22,1,2,.44
0,23,1,2,.44
0,0,2,2,.37
0,1,2,2,.28
0,2,2,2,.22
0,3,2,2,.29
0,4,2,2,.26
0,5,2,2,.22
0,6,2,2,.22
0,7,2,2,.22
0,8,2,2,.25
0,9,2,2,.24
0,10,2,2,.22
0,11,2,2,.21
0,12,2,2,.19
0,13,2,2,.18
0,14,2,2,.2
0,15,2,2,.21
0,16,2,2,.21
0,17,2,2,.2
0,18,2,2,.19
0,19,2,2,.19
0,20,2,2,.17
0,21,2,2,.17
0,22,2,2,.16
0,23,2,2,.15
0,0,3,2,.15
0,1,3,2,.14
0,2,3,2,.14
0,3,3,2,.14
0,4,3,2,.14
0,5,3,2,.14
0,6,3,2,.13
0,7,3,2,.15
0,8,3,2,.17
0,9,3,2,.14
0,10,3,2,.16
0,11,3,2,.14
0,12,3,2,.14
0,13,3,2,.13
0,14,3,2,.14
0,15,3,2,.14
0,16,3,2,.16
0,17,3,2,.16
0,18,3,2,.14
0,19,3,2,.16
0,20,3,2,.15
0,21,3,2,.14
0,22,3,2,.14
0,23,3,2,.13
0,0,4,2,.11
0,1,4,2,.11
0,2,4,2,.12
0,3,4,2,.12
0,4,4,2,.11
0,5,4,2,.13
0,6,4,2,.16
0,7,4,2,.19
0,8,4,2,.17
0,9,4,2,.15
0,10,4,2,.16
0,11,4,2,.17
0,12,4,2,.2
0,13,4,2,.21
0,14,4,2,.21
0,15,4,2,.22
0,16,4,2,.24
0,17,4,2,.21
0,18,4,2,.2
0,19,4,2,.3
0,20,4,2,.46
0,21,4,2,.35
0,22,4,2,.28
0,23,4,2,.28
0,0,5,2,.32
0,1,5,2,.25
0,2,5,2,.26
0,3,5,2,.25
0,4,5,2,.24
0,5,5,2,.23
0,6,5,2,.22
0,7,5,2,.22
0,8,5,2,.23
0,9,5,2,.25
0,10,5,2,.25
0,11,5,2,.28
0,12,5,2,.32
0,13,5,2,.25
0,14,5,2,.24
0,15,5,2,.23
0,16,5,2,.21
0,17,5,2,.21
0,18,5,2,.22
0,19,5,2,.21
0,20,5,2,.19
0,21,5,2,.2
0,22,5,2,.2
0,23,5,2,.18
0,0,6,2,.24
0,1,6,2,.17
0,2,6,2,.18
0,3,6,2,.18
0,4,6,2,.18
0,5,6,2,.21
0,6,6,2,.21
0,7,6,2,.2
0,8,6,2,.2
0,9,6,2,.2
0,10,6,2,.2
0,11,6,2,.19
0,12,6,2,.19
0,13,6,2,.18
0,14,6,2,.18
0,15,6,2,.18
0,16,6,2,.2
0,17,6,2,.2
0,18,6,2,.2
0,19,6,2,.2
0,20,6,2,.2
0,21,6,2,.2
0,22,6,2,.19
0,23,6,2,.16
0,0,7,2,.18
0,1,7,2,.18
0,2,7,2,.17
0,3,7,2,.17
0,4,7,2,.16
0,5,7,2,.18
0,6,7,2,.19
0,7,7,2,.2
0,8,7,2,.2
0,9,7,2,.2
0,10,7,2,.21
0,11,7,2,.24
0,12,7,2,.27
0,13,7,2,.26
0,14,7,2,.25
0,15,7,2,.23
0,16,7,2,.24
0,17,7,2,.25
0,18,7,2,.22
0,19,7,2,.18
0,20,7,2,.16
0,21,7,2,.15
0,22,7,2,.14
0,23,7,2,.19
0,0,8,2,.18
0,1,8,2,.19
0,2,8,2,.18
0,3,8,2,.19
0,4,8,2,.19
0,5,8,2,.2
0,6,8,2,.24
0,7,8,2,.22
0,8,8,2,.25
0,9,8,2,.25
0,10,8,2,.23
0,11,8,2,.18
0,12,8,2,.16
0,13,8,2,.17
0,14,8,2,.17
0,15,8,2,.18
0,16,8,2,.19
0,17,8,2,.22
0,18,8,2,.23
0,19,8,2,.32
0,20,8,2,.3
0,21,8,2,.26
0,22,8,2,.27
0,23,8,2,.28
0,0,9,2,.23
0,1,9,2,.23
0,2,9,2,.24
0,3,9,2,.23
0,4,9,2,.22
0,5,9,2,.2
0,6,9,2,.21
0,7,9,2,.22
0,8,9,2,.22
0,9,9,2,.2
0,10,9,2,.23
0,11,9,2,.23
0,12,9,2,.24
0,13,9,2,.21
0,14,9,2,.21
0,15,9,2,.24
0,16,9,2,.23
0,17,9,2,.28
0,18,9,2,.29
0,19,9,2,.28
0,20,9,2,.26
0,21,9,2,.32
0,22,9,2,.36
0,23,9,2,.35
0,0,10,2,.35
0,1,10,2,.23
0,2,10,2,.15
0,3,10,2,.13
0,4,10,2,.14
0,5,10,2,.14
0,6,10,2,.16
0,7,10,2,.18
0,8,10,2,.23
0,9,10,2,.17
0,10,10,2,.14
0,11,10,2,.17
0,12,10,2,.17
0,13,10,2,.16
0,14,10,2,.18
0,15,10,2,.18
0,16,10,2,.19
0,17,10,2,.19
0,18,10,2,.2
0,19,10,2,.22
0,20,10,2,.23
0,21,10,2,.29
0,22,10,2,.27
0,23,10,2,.27
0,0,11,2,.26
0,1,11,2,.21
0,2,11,2,.2
0,3,11,2,.2
0,4,11,2,.21
0,5,11,2,.29
0,6,11,2,.25
0,7,11,2,.25
0,8,11,2,.27
0,9,11,2,.22
0,10,11,2,.19
0,11,11,2,.16
0,12,11,2,.15
0,13,11,2,.17
0,14,11,2,.16
0,15,11,2,.16
0,16,11,2,.16
0,17,11,2,.16
0,18,11,2,.15
0,19,11,2,.15
0,20,11,2,.13
0,21,11,2,.13
0,22,11,2,.14
0,23,11,2,.14
0,0,12,2,.14
0,1,12,2,.14
0,2,12,2,.13
0,3,12,2,.13
0,4,12,2,.14
0,5,12,2,.13
0,6,12,2,.14
0,7,12,2,.16
0,8,12,2,.17
0,9,12,2,.17
0,10,12,2,.16
0,11,12,2,.19
0,12,12,2,.17
0,13,12,2,.17
0,14,12,2,.17
0,15,12,2,.18
0,16,12,2,.19
0,17,12,2,.18
0,18,12,2,.2
0,19,12,2,.25
0,20,12,2,.23
0,21,12,2,.22
0,22,12,2,.21
0,23,12,2,.2
0,0,13,2,.18
0,1,13,2,.17
0,2,13,2,.15
0,3,13,2,.15
0,4,13,2,.16
0,5,13,2,.18
0,6,13,2,.18
0,7,13,2,.18
0,8,13,2,.18
0,9,13,2,.19
0,10,13,2,.19
0,11,13,2,.2
0,12,13,2,.21
0,13,13,2,.19
0,14,13,2,.19
0,15,13,2,.21
0,16,13,2,.23
0,17,13,2,.23
0,18,13,2,.25
0,19,13,2,.22
0,20,13,2,.22
0,21,13,2,.23
0,22,13,2,.23
0,23,13,2,.2
0,0,14,2,.19
0,1,14,2,.18
0,2,14,2,.19
0,3,14,2,.19
0,4,14,2,.2
0,5,14,2,.2
0,6,14,2,.32
0,7,14,2,.22
0,8,14,2,.22
0,9,14,2,.23
0,10,14,2,.25
0,11,14,2,.23
0,12,14,2,.22
0,13,14,2,.21
0,14,14,2,.2
0,15,14,2,.19
0,16,14,2,.19
0,17,14,2,.19
0,18,14,2,.2
0,19,14,2,.22
0,20,14,2,.22
0,21,14,2,.33
0,22,14,2,.47
0,23,14,2,.5
0,0,15,2,.46
0,1,15,2,.37
0,2,15,2,.33
0,3,15,2,.34
0,4,15,2,.32
0,5,15,2,.29
0,6,15,2,.27
0,7,15,2,.25
0,8,15,2,.25
0,9,15,2,.27
0,10,15,2,.27
0,11,15,2,.21
0,12,15,2,.19
0,13,15,2,.18
0,14,15,2,.19
0,15,15,2,.18
0,16,15,2,.19
0,17,15,2,.22
0,18,15,2,.26
0,19,15,2,.26
0,20,15,2,.24
0,21,15,2,.26
0,22,15,2,.24
0,23,15,2,.23
0,0,16,2,.22
0,1,16,2,.19
0,2,16,2,.19
0,3,16,2,.18
0,4,16,2,.17
0,5,16,2,.16
0,6,16,2,.17
0,7,16,2,.19
0,8,16,2,.19
0,9,16,2,.17
0,10,16,2,.18
0,11,16,2,.2
0,12,16,2,.21
0,13,16,2,.19
0,14,16,2,.19
0,15,16,2,.21
0,16,16,2,.19
0,17,16,2,.18
0,18,16,2,.17
0,19,16,2,.16
0,20,16,2,.14
0,21,16,2,.14
0,22,16,2,.13
0,23,16,2,.16
0,0,17,2,.14
0,1,17,2,.15
0,2,17,2,.15
0,3,17,2,.15
0,4,17,2,.15
0,5,17,2,.14
0,6,17,2,.15
0,7,17,2,.16
0,8,17,2,.2
0,9,17,2,.19
0,10,17,2,.17
0,11,17,2,.15
0,12,17,2,.17
0,13,17,2,.16
0,14,17,2,.17
0,15,17,2,.17
0,16,17,2,.16
0,17,17,2,.27
0,18,17,2,.31
0,19,17,2,.31
0,20,17,2,.43
0,21,17,2,.64
0,22,17,2,.6
0,23,17,2,.41
0,0,18,2,.4
0,1,18,2,.42
0,2,18,2,.43
0,3,18,2,.48
0,4,18,2,.5
0,5,18,2,.5
0,6,18,2,.5
0,7,18,2,.52
0,8,18,2,.54
0,9,18,2,.53
0,10,18,2,.59
0,11,18,2,.35
0,12,18,2,.25
0,13,18,2,.24
0,14,18,2,.24
0,15,18,2,.21
0,16,18,2,.22
0,17,18,2,.27
0,18,18,2,.36
0,19,18,2,.42
0,20,18,2,.4
0,21,18,2,.34
0,22,18,2,.27
0,23,18,2,.24
0,0,19,2,.24
0,1,19,2,.22
0,2,19,2,.24
0,3,19,2,.23
0,4,19,2,.24
0,5,19,2,.27
0,6,19,2,.29
0,7,19,2,.29
0,8,19,2,.29
0,9,19,2,.24
0,10,19,2,.23
0,11,19,2,.21
0,12,19,2,.22
0,13,19,2,.22
0,14,19,2,.22
0,15,19,2,.25
0,16,19,2,.24
0,17,19,2,.23
0,18,19,2,.22
0,19,19,2,.23
0,20,19,2,.21
0,21,19,2,.18
0,22,19,2,.18
0,23,19,2,.2
0,0,20,2,.21
0,1,20,2,.21
0,2,20,2,.2
0,3,20,2,.19
0,4,20,2,.19
0,5,20,2,.2
0,6,20,2,.21
0,7,20,2,.21
0,8,20,2,.22
0,9,20,2,.23
0,10,20,2,.23
0,11,20,2,.18
0,12,20,2,.16
0,13,20,2,.15
0,14,20,2,.16
0,15,20,2,.15
0,16,20,2,.15
0,17,20,2,.19
0,18,20,2,.2
0,19,20,2,.19
0,20,20,2,.2
0,21,20,2,.23
0,22,20,2,.2
0,23,20,2,.24
0,0,21,2,.22
0,1,21,2,.21
0,2,21,2,.2
0,3,21,2,.22
0,4,21,2,.22
0,5,21,2,.21
0,6,21,2,.23
0,7,21,2,.21
0,8,21,2,.23
0,9,21,2,.26
0,10,21,2,.3
0,11,21,2,.19
0,12,21,2,.18
0,13,21,2,.17
0,14,21,2,.17
0,15,21,2,.17
0,16,21,2,.17
0,17,21,2,.21
0,18,21,2,.23
0,19,21,2,.21
0,20,21,2,.22
0,21,21,2,.21
0,22,21,2,.25
0,23,21,2,.21
0,0,22,2,.2
0,1,22,2,.17
0,2,22,2,.18
0,3,22,2,.17
0,4,22,2,.17
0,5,22,2,.22
0,6,22,2,.24
0,7,22,2,.24
0,8,22,2,.24
0,9,22,2,.25
0,10,22,2,.24
0,11,22,2,.21
0,12,22,2,.21
0,13,22,2,.2
0,14,22,2,.21
0,15,22,2,.23
0,16,22,2,.24
0,17,22,2,.24
0,18,22,2,.26
0,19,22,2,.24
0,20,22,2,.26
0,21,22,2,.24
0,22,22,2,.23
0,23,22,2,.31
0,0,23,2,.33
0,1,23,2,.23
0,2,23,2,.22
0,3,23,2,.23
0,4,23,2,.24
0,5,23,2,.21
0,6,23,2,.23
0,7,23,2,.25
0,8,23,2,.24
0,9,23,2,.22
0,10,23,2,.24
0,11,23,2,.26
0,12,23,2,.27
0,13,23,2,.26
0,14,23,2,.18
0,15,23,2,.24
0,16,23,2,.19
0,17,23,2,.23
0,18,23,2,.18
0,19,23,2,.15
0,20,23,2,.17
0,21,23,2,.31
0,22,23,2,.36
0,23,23,2,.22
0,0,24,2,.18
0,1,24,2,.16
0,2,24,2,.17
0,3,24,2,.16
0,4,24,2,.17
0,5,24,2,.19
0,6,24,2,.21
0,7,24,2,.21
0,8,24,2,.22
0,9,24,2,.22
0,10,24,2,.25
0,11,24,2,.26
0,12,24,2,.23
0,13,24,2,.26
0,14,24,2,.26
0,15,24,2,.25
0,16,24,2,.24
0,17,24,2,.2
0,18,24,2,.18
0,19,24,2,.19
0,20,24,2,.24
0,21,24,2,.23
0,22,24,2,.17
0,23,24,2,.19
0,0,25,2,.18
0,1,25,2,.17
0,2,25,2,.17
0,3,25,2,.17
0,4,25,2,.18
0,5,25,2,.15
0,6,25,2,.16
0,7,25,2,.2
0,8,25,2,.18
0,9,25,2,.15
0,10,25,2,.17
0,11,25,2,.14
0,12,25,2,.14
0,13,25,2,.13
0,14,25,2,.13
0,15,25,2,.14
0,16,25,2,.14
0,17,25,2,.19
0,18,25,2,.21
0,19,25,2,.23
0,20,25,2,.24
0,21,25,2,.21
0,22,25,2,.19
0,23,25,2,.19
0,0,26,2,.2
0,1,26,2,.2
0,2,26,2,.2
0,3,26,2,.22
0,4,26,2,.23
0,5,26,2,.28
0,6,26,2,.32
0,7,26,2,.4
0,8,26,2,.47
0,9,26,2,.42
0,10,26,2,.22
0,11,26,2,.2
0,12,26,2,.19
0,13,26,2,.2
0,14,26,2,.2
0,15,26,2,.21
0,16,26,2,.21
0,17,26,2,.23
0,18,26,2,.26
0,19,26,2,.26
0,20,26,2,.29
0,21,26,2,.28
0,22,26,2,.24
0,23,26,2,.23
0,0,27,2,.24
0,1,27,2,.19
0,2,27,2,.19
0,3,27,2,.19
0,4,27,2,.19
0,5,27,2,.23
0,6,27,2,.23
0,7,27,2,.23
0,8,27,2,.26
0,9,27,2,.28
0,10,27,2,.29
0,11,27,2,.28
0,12,27,2,.29
0,13,27,2,.33
0,14,27,2,.42
0,15,27,2,.54
0,16,27,2,.24
0,17,27,2,.25
0,18,27,2,.28
0,19,27,2,.31
0,20,27,2,.29
0,21,27,2,.27
0,22,27,2,.27
0,23,27,2,.25
0,0,28,2,.29
0,1,28,2,.34
0,2,28,2,.35
0,3,28,2,.44
0,4,28,2,.38
0,5,28,2,.4
0,6,28,2,.42
0,7,28,2,.4
0,8,28,2,.35
0,9,28,2,.35
0,10,28,2,.36
0,11,28,2,.33
0,12,28,2,.3
0,13,28,2,.28
0,14,28,2,.24
0,15,28,2,.25
0,16,28,2,.22
0,17,28,2,.26
0,18,28,2,.25
0,19,28,2,.24
0,20,28,2,.23
0,21,28,2,.23
0,22,28,2,.23
0,23,28,2,.21
0,0,1,3,.2
0,1,1,3,.18
0,2,1,3,.19
0,3,1,3,.21
0,4,1,3,.21
0,5,1,3,.25
0,6,1,3,.25
0,7,1,3,.28
0,8,1,3,.26
0,9,1,3,.24
0,10,1,3,.22
0,11,1,3,.18
0,12,1,3,.15
0,13,1,3,.15
0,14,1,3,.14
0,15,1,3,.15
0,16,1,3,.15
0,17,1,3,.16
0,18,1,3,.14
0,19,1,3,.14
0,20,1,3,.13
0,21,1,3,.13
0,22,1,3,.12
0,23,1,3,.16
0,0,2,3,.15
0,1,2,3,.15
0,2,2,3,.16
0,3,2,3,.16
0,4,2,3,.16
0,5,2,3,.14
0,6,2,3,.15
0,7,2,3,.16
0,8,2,3,.18
0,9,2,3,.14
0,10,2,3,.15
0,11,2,3,.14
0,12,2,3,.14
0,13,2,3,.14
0,14,2,3,.14
0,15,2,3,.15
0,16,2,3,.15
0,17,2,3,.16
0,18,2,3,.22
0,19,2,3,.22
0,20,2,3,.19
0,21,2,3,.21
0,22,2,3,.2
0,23,2,3,.22
0,0,3,3,.23
0,1,3,3,.23
0,2,3,3,.25
0,3,3,3,.27
0,4,3,3,.23
0,5,3,3,.27
0,6,3,3,.26
0,7,3,3,.3
0,8,3,3,.32
0,9,3,3,.39
0,10,3,3,.3
0,11,3,3,.28
0,12,3,3,.22
0,13,3,3,.21
0,14,3,3,.2
0,15,3,3,.21
0,16,3,3,.2
0,17,3,3,.25
0,18,3,3,.26
0,19,3,3,.27
0,20,3,3,.26
0,21,3,3,.26
0,22,3,3,.19
0,23,3,3,.18
0,0,4,3,.18
0,1,4,3,.16
0,2,4,3,.16
0,3,4,3,.15
0,4,4,3,.16
0,5,4,3,.18
0,6,4,3,.17
0,7,4,3,.18
0,8,4,3,.18
0,9,4,3,.18
0,10,4,3,.19
0,11,4,3,.16
0,12,4,3,.16
0,13,4,3,.15
0,14,4,3,.16
0,15,4,3,.16
0,16,4,3,.17
0,17,4,3,.19
0,18,4,3,.19
0,19,4,3,.18
0,20,4,3,.17
0,21,4,3,.17
0,22,4,3,.17
0,23,4,3,.13
0,0,5,3,.13
0,1,5,3,.13
0,2,5,3,.12
0,3,5,3,.12
0,4,5,3,.13
0,5,5,3,.13
0,6,5,3,.13
0,7,5,3,.14
0,8,5,3,.14
0,9,5,3,.13
0,10,5,3,.12
0,11,5,3,.17
0,12,5,3,.17
0,13,5,3,.17
0,14,5,3,.19
0,15,5,3,.19
0,16,5,3,.18
0,17,5,3,.16
0,18,5,3,.15
0,19,5,3,.16
0,20,5,3,.14
0,21,5,3,.14
0,22,5,3,.14
0,23,5,3,.14
0,0,6,3,.14
0,1,6,3,.13
0,2,6,3,.14
0,3,6,3,.13
0,4,6,3,.14
0,5,6,3,.14
0,6,6,3,.14
0,7,6,3,.13
0,8,6,3,.15
0,9,6,3,.14
0,10,6,3,.14
0,11,6,3,.16
0,12,6,3,.16
0,13,6,3,.15
0,14,6,3,.15
0,15,6,3,.15
0,16,6,3,.16
0,17,6,3,.15
0,18,6,3,.15
0,19,6,3,.16
0,20,6,3,.18
0,21,6,3,.16
0,22,6,3,.15
0,23,6,3,.16
0,0,7,3,.16
0,1,7,3,.15
0,2,7,3,.15
0,3,7,3,.15
0,4,7,3,.14
0,5,7,3,.14
0,6,7,3,.14
0,7,7,3,.15
0,8,7,3,.16
0,9,7,3,.17
0,10,7,3,.15
0,11,7,3,.15
0,12,7,3,.15
0,13,7,3,.15
0,14,7,3,.15
0,15,7,3,.17
0,16,7,3,.16
0,17,7,3,.16
0,18,7,3,.18
0,19,7,3,.18
0,20,7,3,.22
0,21,7,3,.23
0,22,7,3,.22
0,23,7,3,.26
0,0,8,3,.25
0,1,8,3,.26
0,2,8,3,.23
0,3,8,3,.23
0,4,8,3,.29
0,5,8,3,.31
0,6,8,3,.35
0,7,8,3,.43
0,8,8,3,.41
0,9,8,3,.38
0,10,8,3,.44
0,11,8,3,.2
0,12,8,3,.16
0,13,8,3,.16
0,14,8,3,.16
0,15,8,3,.25
0,16,8,3,.21
0,17,8,3,.27
0,18,8,3,.19
0,19,8,3,.2
0,20,8,3,.22
0,21,8,3,.21
0,22,8,3,.21
0,23,8,3,.23
0,0,9,3,.22
0,1,9,3,.21
0,2,9,3,.2
0,3,9,3,.2
0,4,9,3,.22
0,5,9,3,.27
0,6,9,3,.28
0,7,9,3,.31
0,8,9,3,.32
0,9,9,3,.26
0,10,9,3,.24
0,11,9,3,.2
0,12,9,3,.19
0,13,9,3,.19
0,14,9,3,.2
0,15,9,3,.19
0,16,9,3,.2
0,17,9,3,.2
0,18,9,3,.21
0,19,9,3,.24
0,20,9,3,.35
0,21,9,3,.6
0,22,9,3,.77
0,23,9,3,.58
0,0,10,3,.57
0,1,10,3,.4
0,2,10,3,.43
0,3,10,3,.37
0,4,10,3,.34
0,5,10,3,.29
0,6,10,3,.26
0,7,10,3,.29
0,8,10,3,.33
0,9,10,3,.29
0,10,10,3,.25
0,11,10,3,.22
0,12,10,3,.2
0,13,10,3,.21
0,14,10,3,.23
0,15,10,3,.25
0,16,10,3,.3
0,17,10,3,.33
0,18,10,3,.37
0,19,10,3,.35
0,20,10,3,.41
0,21,10,3,.41
0,22,10,3,.36
0,23,10,3,.25
0,0,11,3,.22
0,1,11,3,.23
0,2,11,3,.22
0,3,11,3,.23
0,4,11,3,.24
0,5,11,3,.24
0,6,11,3,.25
0,7,11,3,.27
0,8,11,3,.28
0,9,11,3,.31
0,10,11,3,.33
0,11,11,3,.25
0,12,11,3,.23
0,13,11,3,.24
0,14,11,3,.24
0,15,11,3,.23
0,16,11,3,.23
0,17,11,3,.21
0,18,11,3,.2
0,19,11,3,.19
0,20,11,3,.17
0,21,11,3,.14
0,22,11,3,.11
0,23,11,3,.17
0,0,12,3,.18
0,1,12,3,.16
0,2,12,3,.17
0,3,12,3,.18
0,4,12,3,.18
0,5,12,3,.19
0,6,12,3,.2
0,7,12,3,.21
0,8,12,3,.21
0,9,12,3,.21
0,10,12,3,.21
0,11,12,3,.19
0,12,12,3,.18
0,13,12,3,.19
0,14,12,3,.18
0,15,12,3,.18
0,16,12,3,.19
0,17,12,3,.16
0,18,12,3,.14
0,19,12,3,.14
0,20,12,3,.14
0,21,12,3,.13
0,22,12,3,.13
0,23,12,3,.16
0,0,13,3,.16
0,1,13,3,.16
0,2,13,3,.16
0,3,13,3,.17
0,4,13,3,.16
0,5,13,3,.13
0,6,13,3,.13
0,7,13,3,.13
0,8,13,3,.15
0,9,13,3,.14
0,10,13,3,.15
0,11,13,3,.14
0,12,13,3,.14
0,13,13,3,.14
0,14,13,3,.14
0,15,13,3,.14
0,16,13,3,.15
0,17,13,3,.16
0,18,13,3,.15
0,19,13,3,.15
0,20,13,3,.15
0,21,13,3,.15
0,22,13,3,.15
0,23,13,3,.17
0,0,14,3,.17
0,1,14,3,.16
0,2,14,3,-999
0,3,14,3,-999
0,4,14,3,.15
0,5,14,3,.18
0,6,14,3,.19
0,7,14,3,.18
0,8,14,3,.18
0,9,14,3,.17
0,10,14,3,.16
0,11,14,3,.15
0,12,14,3,.13
0,13,14,3,.14
0,14,14,3,.13
0,15,14,3,.14
0,16,14,3,.14
0,17,14,3,.15
0,18,14,3,.17
0,19,14,3,.16
0,20,14,3,.16
0,21,14,3,.15
0,22,14,3,.15
0,23,14,3,.13
0,0,15,3,.13
0,1,15,3,.13
0,2,15,3,.13
0,3,15,3,.13
0,4,15,3,.13
0,5,15,3,.15
0,6,15,3,.17
0,7,15,3,.19
0,8,15,3,.17
0,9,15,3,.18
0,10,15,3,.17
0,11,15,3,.17
0,12,15,3,.17
0,13,15,3,.18
0,14,15,3,.17
0,15,15,3,.18
0,16,15,3,.18
0,17,15,3,.19
0,18,15,3,.21
0,19,15,3,.2
0,20,15,3,.21
0,21,15,3,.23
0,22,15,3,.25
0,23,15,3,.28
0,0,16,3,.32
0,1,16,3,.28
0,2,16,3,.26
0,3,16,3,.34
0,4,16,3,.36
0,5,16,3,.34
0,6,16,3,.35
0,7,16,3,.4
0,8,16,3,.39
0,9,16,3,.39
0,10,16,3,.31
0,11,16,3,.23
0,12,16,3,.2
0,13,16,3,.16
0,14,16,3,.16
0,15,16,3,.17
0,16,16,3,.16
0,17,16,3,.22
0,18,16,3,.23
0,19,16,3,.28
0,20,16,3,.33
0,21,16,3,.33
0,22,16,3,.41
0,23,16,3,.41
0,0,17,3,.39
0,1,17,3,.32
0,2,17,3,.3
0,3,17,3,.31
0,4,17,3,.32
0,5,17,3,.34
0,6,17,3,.38
0,7,17,3,.41
0,8,17,3,.46
0,9,17,3,.32
0,10,17,3,.23
0,11,17,3,.25
0,12,17,3,.23
0,13,17,3,.23
0,14,17,3,.24
0,15,17,3,.25
0,16,17,3,.25
0,17,17,3,.24
0,18,17,3,.24
0,19,17,3,.24
0,20,17,3,.24
0,21,17,3,.23
0,22,17,3,.21
0,23,17,3,.23
0,0,18,3,.23
0,1,18,3,.22
0,2,18,3,.23
0,3,18,3,.22
0,4,18,3,.22
0,5,18,3,.25
0,6,18,3,.27
0,7,18,3,.26
0,8,18,3,.26
0,9,18,3,.22
0,10,18,3,.2
0,11,18,3,.19
0,12,18,3,.18
0,13,18,3,.17
0,14,18,3,.17
0,15,18,3,.16
0,16,18,3,.16
0,17,18,3,.14
0,18,18,3,.15
0,19,18,3,.15
0,20,18,3,.15
0,21,18,3,.14
0,22,18,3,.14
0,23,18,3,.15
0,0,19,3,.15
0,1,19,3,.15
0,2,19,3,.15
0,3,19,3,.16
0,4,19,3,.16
0,5,19,3,.19
0,6,19,3,.21
0,7,19,3,.2
0,8,19,3,.2
0,9,19,3,.19
0,10,19,3,.19
0,11,19,3,.15
0,12,19,3,.15
0,13,19,3,.14
0,14,19,3,.15
0,15,19,3,.16
0,16,19,3,.17
0,17,19,3,.19
0,18,19,3,.22
0,19,19,3,.35
0,20,19,3,.37
0,21,19,3,.22
0,22,19,3,.22
0,23,19,3,.22
0,0,20,3,.19
0,1,20,3,.17
0,2,20,3,.16
0,3,20,3,.17
0,4,20,3,.17
0,5,20,3,.18
0,6,20,3,.18
0,7,20,3,.19
0,8,20,3,.18
0,9,20,3,.18
0,10,20,3,.16
0,11,20,3,.19
0,12,20,3,.2
0,13,20,3,.2
0,14,20,3,.21
0,15,20,3,.22
0,16,20,3,.21
0,17,20,3,.2
0,18,20,3,.25
0,19,20,3,.22
0,20,20,3,.24
0,21,20,3,.26
0,22,20,3,.27
0,23,20,3,.22
0,0,21,3,.19
0,1,21,3,.23
0,2,21,3,.25
0,3,21,3,.3
0,4,21,3,.32
0,5,21,3,.39
0,6,21,3,.46
0,7,21,3,.43
0,8,21,3,.32
0,9,21,3,.26
0,10,21,3,.26
0,11,21,3,.22
0,12,21,3,.21
0,13,21,3,.21
0,14,21,3,.2
0,15,21,3,.2
0,16,21,3,.2
0,17,21,3,.19
0,18,21,3,.2
0,19,21,3,.21
0,20,21,3,.19
0,21,21,3,.18
0,22,21,3,.21
0,23,21,3,.24
0,0,22,3,.36
0,1,22,3,.36
0,2,22,3,.28
0,3,22,3,.27
0,4,22,3,.25
0,5,22,3,.31
0,6,22,3,.32
0,7,22,3,.58
0,8,22,3,.45
0,9,22,3,.27
0,10,22,3,.25
0,11,22,3,.21
0,12,22,3,.21
0,13,22,3,.2
0,14,22,3,.18
0,15,22,3,.18
0,16,22,3,.18
0,17,22,3,.2
0,18,22,3,.26
0,19,22,3,.26
0,20,22,3,.23
0,21,22,3,.21
0,22,22,3,.21
0,23,22,3,.27
0,0,23,3,.29
0,1,23,3,.31
0,2,23,3,.32
0,3,23,3,.28
0,4,23,3,.35
0,5,23,3,.28
0,6,23,3,.35
0,7,23,3,.45
0,8,23,3,.53
0,9,23,3,.33
0,10,23,3,.23
0,11,23,3,.23
0,12,23,3,.25
0,13,23,3,.27
0,14,23,3,.27
0,15,23,3,.25
0,16,23,3,.26
0,17,23,3,.27
0,18,23,3,.28
0,19,23,3,.34
0,20,23,3,.33
0,21,23,3,.3
0,22,23,3,.31
0,23,23,3,.36
0,0,24,3,.33
0,1,24,3,.33
0,2,24,3,.31
0,3,24,3,.26
0,4,24,3,.24
0,5,24,3,.25
0,6,24,3,.28
0,7,24,3,.29
0,8,24,3,.31
0,9,24,3,.31
0,10,24,3,.33
0,11,24,3,.29
0,12,24,3,.28
0,13,24,3,.3
0,14,24,3,.3
0,15,24,3,.33
0,16,24,3,.33
0,17,24,3,.33
0,18,24,3,.34
0,19,24,3,.34
0,20,24,3,.3
0,21,24,3,.3
0,22,24,3,.3
0,23,24,3,.3
0,0,25,3,.3
0,1,25,3,.26
0,2,25,3,.27
0,3,25,3,.26
0,4,25,3,.29
0,5,25,3,.23
0,6,25,3,.32
0,7,25,3,.31
0,8,25,3,.28
0,9,25,3,.22
0,10,25,3,.23
0,11,25,3,.22
0,12,25,3,.23
0,13,25,3,.23
0,14,25,3,.23
0,15,25,3,.24
0,16,25,3,.24
0,17,25,3,.26
0,18,25,3,.28
0,19,25,3,.26
0,20,25,3,.25
0,21,25,3,.25
0,22,25,3,.21
0,23,25,3,.22
0,0,26,3,.22
0,1,26,3,.21
0,2,26,3,.22
0,3,26,3,.22
0,4,26,3,.22
0,5,26,3,.22
0,6,26,3,.22
0,7,26,3,.23
0,8,26,3,.23
0,9,26,3,.24
0,10,26,3,.23
0,11,26,3,.21
0,12,26,3,.19
0,13,26,3,.18
0,14,26,3,.17
0,15,26,3,.16
0,16,26,3,.17
0,17,26,3,.15
0,18,26,3,.15
0,19,26,3,.16
0,20,26,3,.15
0,21,26,3,.15
0,22,26,3,.15
0,23,26,3,.19
0,0,27,3,.2
0,1,27,3,.19
0,2,27,3,.2
0,3,27,3,.19
0,4,27,3,.2
0,5,27,3,.2
0,6,27,3,.19
0,7,27,3,.19
0,8,27,3,.19
0,9,27,3,.2
0,10,27,3,.2
0,11,27,3,.2
0,12,27,3,.19
0,13,27,3,.19
0,14,27,3,.19
0,15,27,3,.2
0,16,27,3,.19
0,17,27,3,.22
0,18,27,3,.24
0,19,27,3,.22
0,20,27,3,.21
0,21,27,3,.21
0,22,27,3,.21
0,23,27,3,.2
0,0,28,3,.19
0,1,28,3,.18
0,2,28,3,.19
0,3,28,3,.19
0,4,28,3,.2
0,5,28,3,.2
0,6,28,3,.2
0,7,28,3,.23
0,8,28,3,.23
0,9,28,3,.24
0,10,28,3,.24
0,11,28,3,.23
0,12,28,3,.24
0,13,28,3,.25
0,14,28,3,.27
0,15,28,3,.31
0,16,28,3,.4
0,17,28,3,.44
0,18,28,3,.24
0,19,28,3,.22
0,20,28,3,.2
0,21,28,3,.18
0,22,28,3,.17
0,23,28,3,.2
0,0,29,3,.2
0,1,29,3,.17
0,2,29,3,.18
0,3,29,3,.18
0,4,29,3,.18
0,5,29,3,.19
0,6,29,3,.19
0,7,29,3,.2
0,8,29,3,.18
0,9,29,3,.19
0,10,29,3,.19
0,11,29,3,.15
0,12,29,3,.13
0,13,29,3,.15
0,14,29,3,.14
0,15,29,3,.15
0,16,29,3,.15
0,17,29,3,.17
0,18,29,3,.19
0,19,29,3,.23
0,20,29,3,.25
0,21,29,3,.39
0,22,29,3,.46
0,23,29,3,.27
0,0,30,3,.25
0,1,30,3,.23
0,2,30,3,.25
0,3,30,3,.2
0,4,30,3,.2
0,5,30,3,.24
0,6,30,3,.28
0,7,30,3,.28
0,8,30,3,.25
0,9,30,3,.23
0,10,30,3,.22
0,11,30,3,.2
0,12,30,3,.18
0,13,30,3,.18
0,14,30,3,.18
0,15,30,3,.17
0,16,30,3,.17
0,17,30,3,.21
0,18,30,3,.22
0,19,30,3,.23
0,20,30,3,.2
0,21,30,3,.2
0,22,30,3,.21
0,23,30,3,.21
0,0,31,3,.2
0,1,31,3,.19
0,2,31,3,.2
0,3,31,3,.2
0,4,31,3,.21
0,5,31,3,.21
0,6,31,3,.25
0,7,31,3,.25
0,8,31,3,.21
0,9,31,3,.21
0,10,31,3,.22
0,11,31,3,.22
0,12,31,3,.21
0,13,31,3,.2
0,14,31,3,.18
0,15,31,3,.19
0,16,31,3,.19
0,17,31,3,.17
0,18,31,3,.17
0,19,31,3,.19
0,20,31,3,.21
0,21,31,3,.21
0,22,31,3,.19
0,23,31,3,.2
0,0,1,4,.2
0,1,1,4,.18
0,2,1,4,.17
0,3,1,4,.17
0,4,1,4,.17
0,5,1,4,.17
0,6,1,4,.17
0,7,1,4,.17
0,8,1,4,.17
0,9,1,4,.17
0,10,1,4,.17
0,11,1,4,.15
0,12,1,4,.14
0,13,1,4,.14
0,14,1,4,.14
0,15,1,4,.13
0,16,1,4,.13
0,17,1,4,.18
0,18,1,4,.19
0,19,1,4,.18
0,20,1,4,.21
0,21,1,4,.21
0,22,1,4,.2
0,23,1,4,.16
0,0,2,4,.15
0,1,2,4,.15
0,2,2,4,.14
0,3,2,4,.14
0,4,2,4,.14
0,5,2,4,.13
0,6,2,4,.12
0,7,2,4,.13
0,8,2,4,.13
0,9,2,4,.14
0,10,2,4,.15
0,11,2,4,.15
0,12,2,4,.15
0,13,2,4,.14
0,14,2,4,.15
0,15,2,4,.15
0,16,2,4,.16
0,17,2,4,.17
0,18,2,4,.18
0,19,2,4,.2
0,20,2,4,.22
0,21,2,4,.2
0,22,2,4,.19
0,23,2,4,.2
0,0,3,4,.18
0,1,3,4,.17
0,2,3,4,.17
0,3,3,4,.17
0,4,3,4,.17
0,5,3,4,.19
0,6,3,4,.19
0,7,3,4,.18
0,8,3,4,.18
0,9,3,4,.17
0,10,3,4,.17
0,11,3,4,.15
0,12,3,4,.15
0,13,3,4,.15
0,14,3,4,.16
0,15,3,4,.16
0,16,3,4,.17
0,17,3,4,.17
0,18,3,4,.18
0,19,3,4,.18
0,20,3,4,.17
0,21,3,4,.18
0,22,3,4,.17
0,23,3,4,.2
0,0,4,4,.2
0,1,4,4,.19
0,2,4,4,.22
0,3,4,4,.21
0,4,4,4,.23
0,5,4,4,.22
0,6,4,4,.22
0,7,4,4,.21
0,8,4,4,.18
0,9,4,4,.19
0,10,4,4,.19
0,11,4,4,.19
0,12,4,4,.2
0,13,4,4,.2
0,14,4,4,.2
0,15,4,4,.2
0,16,4,4,.19
0,17,4,4,.19
0,18,4,4,.21
0,19,4,4,.27
0,20,4,4,.23
0,21,4,4,.22
0,22,4,4,.21
0,23,4,4,.21
0,0,5,4,.22
0,1,5,4,.22
0,2,5,4,.22
0,3,5,4,.22
0,4,5,4,.23
0,5,5,4,.21
0,6,5,4,.24
0,7,5,4,.21
0,8,5,4,.2
0,9,5,4,.19
0,10,5,4,.19
0,11,5,4,.17
0,12,5,4,.17
0,13,5,4,.18
0,14,5,4,.18
0,15,5,4,.17
0,16,5,4,.17
0,17,5,4,.16
0,18,5,4,.16
0,19,5,4,.17
0,20,5,4,.17
0,21,5,4,.17
0,22,5,4,.17
0,23,5,4,.18
0,0,6,4,.18
0,1,6,4,.19
0,2,6,4,.16
0,3,6,4,.17
0,4,6,4,.17
0,5,6,4,.2
0,6,6,4,.21
0,7,6,4,.22
0,8,6,4,.2
0,9,6,4,.21
0,10,6,4,.2
0,11,6,4,.17
0,12,6,4,.17
0,13,6,4,.18
0,14,6,4,.18
0,15,6,4,.18
0,16,6,4,.17
0,17,6,4,.18
0,18,6,4,.19
0,19,6,4,.23
0,20,6,4,.23
0,21,6,4,.28
0,22,6,4,.21
0,23,6,4,.18
0,0,7,4,.22
0,1,7,4,.21
0,2,7,4,.22
0,3,7,4,.21
0,4,7,4,.24
0,5,7,4,.26
0,6,7,4,.3
0,7,7,4,.27
0,8,7,4,.27
0,9,7,4,.26
0,10,7,4,.24
0,11,7,4,.23
0,12,7,4,.22
0,13,7,4,.21
0,14,7,4,.21
0,15,7,4,.2
0,16,7,4,.2
0,17,7,4,.2
0,18,7,4,.2
0,19,7,4,.22
0,20,7,4,.21
0,21,7,4,.22
0,22,7,4,.21
0,23,7,4,.2
0,0,8,4,.19
0,1,8,4,.18
0,2,8,4,.18
0,3,8,4,.18
0,4,8,4,.17
0,5,8,4,.2
0,6,8,4,.21
0,7,8,4,.2
0,8,8,4,.2
0,9,8,4,.2
0,10,8,4,.21
0,11,8,4,.19
0,12,8,4,.18
0,13,8,4,.18
0,14,8,4,.18
0,15,8,4,.17
0,16,8,4,.17
0,17,8,4,.19
0,18,8,4,.19
0,19,8,4,.2
0,20,8,4,.2
0,21,8,4,.19
0,22,8,4,.2
0,23,8,4,.18
0,0,9,4,.17
0,1,9,4,.14
0,2,9,4,.15
0,3,9,4,.15
0,4,9,4,.15
0,5,9,4,.21
0,6,9,4,.24
0,7,9,4,.23
0,8,9,4,.24
0,9,9,4,.25
0,10,9,4,.23
0,11,9,4,.17
0,12,9,4,.17
0,13,9,4,.17
0,14,9,4,.17
0,15,9,4,.17
0,16,9,4,.16
0,17,9,4,.22
0,18,9,4,.23
0,19,9,4,.25
0,20,9,4,.3
0,21,9,4,.27
0,22,9,4,.31
0,23,9,4,.27
0,0,10,4,.23
0,1,10,4,.25
0,2,10,4,.25
0,3,10,4,.23
0,4,10,4,.2
0,5,10,4,.28
0,6,10,4,.24
0,7,10,4,.22
0,8,10,4,.18
0,9,10,4,.19
0,10,10,4,.2
0,11,10,4,.17
0,12,10,4,.18
0,13,10,4,.17
0,14,10,4,.17
0,15,10,4,.13
0,16,10,4,.13
0,17,10,4,.2
0,18,10,4,.26
0,19,10,4,.33
0,20,10,4,.38
0,21,10,4,.35
0,22,10,4,.34
0,23,10,4,.34
0,0,11,4,.3
0,1,11,4,.31
0,2,11,4,.29
0,3,11,4,.24
0,4,11,4,.25
0,5,11,4,.19
0,6,11,4,.17
0,7,11,4,.17
0,8,11,4,.16
0,9,11,4,.16
0,10,11,4,.15
0,11,11,4,.17
0,12,11,4,.15
0,13,11,4,.12
0,14,11,4,.11
0,15,11,4,.07
0,16,11,4,.03
0,17,11,4,.13
0,18,11,4,.1
0,19,11,4,.08
0,20,11,4,.13
0,21,11,4,.18
0,22,11,4,.22
0,23,11,4,.16
0,0,12,4,.14
0,1,12,4,.08
0,2,12,4,.1
0,3,12,4,.09
0,4,12,4,.06
0,5,12,4,.16
0,6,12,4,.18
0,7,12,4,.19
0,8,12,4,.19
0,9,12,4,.19
0,10,12,4,.19
0,11,12,4,.16
0,12,12,4,.16
0,13,12,4,.16
0,14,12,4,.16
0,15,12,4,.16
0,16,12,4,.16
0,17,12,4,.16
0,18,12,4,.16
0,19,12,4,.15
0,20,12,4,.14
0,21,12,4,.14
0,22,12,4,.14
0,23,12,4,.15
0,0,13,4,.16
0,1,13,4,.14
0,2,13,4,.13
0,3,13,4,.1
0,4,13,4,.11
0,5,13,4,.15
0,6,13,4,.16
0,7,13,4,.15
0,8,13,4,.16
0,9,13,4,.15
0,10,13,4,.15
0,11,13,4,.13
0,12,13,4,.13
0,13,13,4,.11
0,14,13,4,.14
0,15,13,4,.12
0,16,13,4,.11
0,17,13,4,.16
0,18,13,4,.17
0,19,13,4,.18
0,20,13,4,.17
0,21,13,4,.18
0,22,13,4,.18
0,23,13,4,.23
0,0,14,4,.22
0,1,14,4,.18
0,2,14,4,.2
0,3,14,4,.21
0,4,14,4,.2
0,5,14,4,.18
0,6,14,4,.17
0,7,14,4,.16
0,8,14,4,.17
0,9,14,4,.18
0,10,14,4,.2
0,11,14,4,.18
0,12,14,4,.17
0,13,14,4,.17
0,14,14,4,.18
0,15,14,4,.16
0,16,14,4,.18
0,17,14,4,.2
0,18,14,4,.26
0,19,14,4,.29
0,20,14,4,.3
0,21,14,4,.31
0,22,14,4,.28
0,23,14,4,.22
0,0,15,4,.22
0,1,15,4,.2
0,2,15,4,.2
0,3,15,4,.17
0,4,15,4,.18
0,5,15,4,.16
0,6,15,4,.17
0,7,15,4,.18
0,8,15,4,.18
0,9,15,4,.17
0,10,15,4,.15
0,11,15,4,.19
0,12,15,4,.2
0,13,15,4,.24
0,14,15,4,.23
0,15,15,4,.24
0,16,15,4,.25
0,17,15,4,.21
0,18,15,4,.2
0,19,15,4,.23
0,20,15,4,.22
0,21,15,4,.21
0,22,15,4,.22
0,23,15,4,.2
0,0,16,4,.21
0,1,16,4,.21
0,2,16,4,.22
0,3,16,4,.19
0,4,16,4,.17
0,5,16,4,.15
0,6,16,4,.18
0,7,16,4,.16
0,8,16,4,.16
0,9,16,4,.14
0,10,16,4,.14
0,11,16,4,.13
0,12,16,4,.13
0,13,16,4,.13
0,14,16,4,.14
0,15,16,4,.16
0,16,16,4,.15
0,17,16,4,.15
0,18,16,4,.15
0,19,16,4,.14
0,20,16,4,.14
0,21,16,4,.13
0,22,16,4,.13
0,23,16,4,.17
0,0,17,4,.17
0,1,17,4,.19
0,2,17,4,.21
0,3,17,4,.21
0,4,17,4,.2
0,5,17,4,.15
0,6,17,4,.16
0,7,17,4,.18
0,8,17,4,.17
0,9,17,4,.18
0,10,17,4,.17
0,11,17,4,.17
0,12,17,4,.16
0,13,17,4,.16
0,14,17,4,.16
0,15,17,4,.14
0,16,17,4,.14
0,17,17,4,.15
0,18,17,4,.16
0,19,17,4,.16
0,20,17,4,.18
0,21,17,4,.19
0,22,17,4,.21
0,23,17,4,.17
0,0,18,4,.17
0,1,18,4,.16
0,2,18,4,.18
0,3,18,4,.16
0,4,18,4,.16
0,5,18,4,.15
0,6,18,4,.17
0,7,18,4,.17
0,8,18,4,.17
0,9,18,4,.16
0,10,18,4,.17
0,11,18,4,.15
0,12,18,4,.15
0,13,18,4,.16
0,14,18,4,.16
0,15,18,4,.15
0,16,18,4,.15
0,17,18,4,.18
0,18,18,4,.2
0,19,18,4,.24
0,20,18,4,.23
0,21,18,4,.22
0,22,18,4,.23
0,23,18,4,.2
0,0,19,4,.18
0,1,19,4,.18
0,2,19,4,.2
0,3,19,4,.22
0,4,19,4,.23
0,5,19,4,.26
0,6,19,4,.28
0,7,19,4,.24
0,8,19,4,.23
0,9,19,4,.2
0,10,19,4,.18
0,11,19,4,.19
0,12,19,4,.19
0,13,19,4,.18
0,14,19,4,.17
0,15,19,4,.16
0,16,19,4,.16
0,17,19,4,.13
0,18,19,4,.14
0,19,19,4,.16
0,20,19,4,.15
0,21,19,4,.16
0,22,19,4,.17
0,23,19,4,.16
0,0,20,4,.17
0,1,20,4,.16
0,2,20,4,.17
0,3,20,4,.17
0,4,20,4,.17
0,5,20,4,.14
0,6,20,4,.13
0,7,20,4,.13
0,8,20,4,.12
0,9,20,4,.13
0,10,20,4,.13
0,11,20,4,.16
0,12,20,4,.17
0,13,20,4,.16
0,14,20,4,.16
0,15,20,4,.16
0,16,20,4,.16
0,17,20,4,.13
0,18,20,4,.12
0,19,20,4,.12
0,20,20,4,.11
0,21,20,4,.11
0,22,20,4,.12
0,23,20,4,.14
0,0,21,4,.14
0,1,21,4,.15
0,2,21,4,.15
0,3,21,4,.14
0,4,21,4,.15
0,5,21,4,.12
0,6,21,4,.15
0,7,21,4,.14
0,8,21,4,.13
0,9,21,4,.13
0,10,21,4,.13
0,11,21,4,.12
0,12,21,4,.12
0,13,21,4,.12
0,14,21,4,.12
0,15,21,4,.12
0,16,21,4,.12
0,17,21,4,.12
0,18,21,4,.13
0,19,21,4,.14
0,20,21,4,.12
0,21,21,4,.12
0,22,21,4,.13
0,23,21,4,.13
0,0,22,4,.14
0,1,22,4,.14
0,2,22,4,.15
0,3,22,4,.14
0,4,22,4,.14
0,5,22,4,.12
0,6,22,4,.13
0,7,22,4,.12
0,8,22,4,.11
0,9,22,4,.12
0,10,22,4,.11
0,11,22,4,.11
0,12,22,4,.11
0,13,22,4,.11
0,14,22,4,.12
0,15,22,4,.11
0,16,22,4,.11
0,17,22,4,.14
0,18,22,4,.15
0,19,22,4,.15
0,20,22,4,.15
0,21,22,4,.15
0,22,22,4,.15
0,23,22,4,.12
0,0,23,4,.11
0,1,23,4,.11
0,2,23,4,.12
0,3,23,4,.12
0,4,23,4,.12
0,5,23,4,.14
0,6,23,4,.16
0,7,23,4,.14
0,8,23,4,.14
0,9,23,4,.14
0,10,23,4,.14
0,11,23,4,.13
0,12,23,4,.14
0,13,23,4,.12
0,14,23,4,.13
0,15,23,4,.13
0,16,23,4,.12
0,17,23,4,.15
0,18,23,4,.16
0,19,23,4,.17
0,20,23,4,.17
0,21,23,4,.17
0,22,23,4,.26
0,23,23,4,.2
0,0,24,4,.21
0,1,24,4,.2
0,2,24,4,.2
0,3,24,4,.2
0,4,24,4,.21
0,5,24,4,.19
0,6,24,4,.2
0,7,24,4,.19
0,8,24,4,.21
0,9,24,4,.19
0,10,24,4,.19
0,11,24,4,.17
0,12,24,4,.16
0,13,24,4,.16
0,14,24,4,.16
0,15,24,4,.17
0,16,24,4,.17
0,17,24,4,.16
0,18,24,4,.16
0,19,24,4,.18
0,20,24,4,.18
0,21,24,4,.18
0,22,24,4,.19
0,23,24,4,.2
0,0,25,4,.21
0,1,25,4,.24
0,2,25,4,.2
0,3,25,4,.21
0,4,25,4,.22
0,5,25,4,.23
0,6,25,4,.24
0,7,25,4,.27
0,8,25,4,.26
0,9,25,4,.21
0,10,25,4,.2
0,11,25,4,.22
0,12,25,4,.2
0,13,25,4,.23
0,14,25,4,.2
0,15,25,4,.21
0,16,25,4,.17
0,17,25,4,.18
0,18,25,4,.19
0,19,25,4,.18
0,20,25,4,.18
0,21,25,4,.17
0,22,25,4,.17
0,23,25,4,.14
0,0,26,4,.13
0,1,26,4,.13
0,2,26,4,.13
0,3,26,4,.14
0,4,26,4,.14
0,5,26,4,.15
0,6,26,4,.15
0,7,26,4,.16
0,8,26,4,.17
0,9,26,4,.18
0,10,26,4,.16
0,11,26,4,.16
0,12,26,4,.16
0,13,26,4,.16
0,14,26,4,.15
0,15,26,4,.15
0,16,26,4,.15
0,17,26,4,.16
0,18,26,4,.16
0,19,26,4,.23
0,20,26,4,.17
0,21,26,4,.16
0,22,26,4,.16
0,23,26,4,.17
0,0,27,4,.17
0,1,27,4,.16
0,2,27,4,.17
0,3,27,4,.28
0,4,27,4,.19
0,5,27,4,.17
0,6,27,4,.17
0,7,27,4,.18
0,8,27,4,.18
0,9,27,4,.16
0,10,27,4,.15
0,11,27,4,.15
0,12,27,4,.14
0,13,27,4,.15
0,14,27,4,.15
0,15,27,4,.16
0,16,27,4,.15
0,17,27,4,.14
0,18,27,4,.14
0,19,27,4,.18
0,20,27,4,.16
0,21,27,4,.15
0,22,27,4,.16
0,23,27,4,.18
0,0,28,4,.2
0,1,28,4,.18
0,2,28,4,.18
0,3,28,4,.18
0,4,28,4,.17
0,5,28,4,.17
0,6,28,4,.18
0,7,28,4,.18
0,8,28,4,.14
0,9,28,4,.14
0,10,28,4,.14
0,11,28,4,.15
0,12,28,4,.17
0,13,28,4,.19
0,14,28,4,.23
0,15,28,4,.24
0,16,28,4,.25
0,17,28,4,.2
0,18,28,4,.2
0,19,28,4,.23
0,20,28,4,.21
0,21,28,4,.21
0,22,28,4,.19
0,23,28,4,.18
0,0,29,4,.18
0,1,29,4,.16
0,2,29,4,.17
0,3,29,4,.16
0,4,29,4,.18
0,5,29,4,.23
0,6,29,4,.21
0,7,29,4,.21
0,8,29,4,.21
0,9,29,4,.2
0,10,29,4,.2
0,11,29,4,.18
0,12,29,4,.18
0,13,29,4,.18
0,14,29,4,.18
0,15,29,4,.18
0,16,29,4,.18
0,17,29,4,.18
0,18,29,4,.21
0,19,29,4,.25
0,20,29,4,.26
0,21,29,4,.25
0,22,29,4,.22
0,23,29,4,.22
0,0,30,4,.21
0,1,30,4,.2
0,2,30,4,.21
0,3,30,4,.21
0,4,30,4,.2
0,5,30,4,.18
0,6,30,4,.2
0,7,30,4,.21
0,8,30,4,.2
0,9,30,4,.18
0,10,30,4,.19
0,11,30,4,.18
0,12,30,4,.18
0,13,30,4,.16
0,14,30,4,.15
0,15,30,4,.14
0,16,30,4,.15
0,17,30,4,.17
0,18,30,4,.17
0,19,30,4,.17
0,20,30,4,.16
0,21,30,4,.15
0,22,30,4,.15
0,23,30,4,.15
0,0,1,5,.15
0,1,1,5,.14
0,2,1,5,.14
0,3,1,5,.14
0,4,1,5,.14
0,5,1,5,.12
0,6,1,5,.13
0,7,1,5,.12
0,8,1,5,.12
0,9,1,5,.13
0,10,1,5,.13
0,11,1,5,.12
0,12,1,5,.13
0,13,1,5,.14
0,14,1,5,.13
0,15,1,5,.13
0,16,1,5,.13
0,17,1,5,.15
0,18,1,5,.17
0,19,1,5,.16
0,20,1,5,.15
0,21,1,5,.19
0,22,1,5,.18
0,23,1,5,.16
0,0,2,5,.16
0,1,2,5,.15
0,2,2,5,.15
0,3,2,5,.16
0,4,2,5,.18
0,5,2,5,.16
0,6,2,5,.16
0,7,2,5,.17
0,8,2,5,.16
0,9,2,5,.17
0,10,2,5,.17
0,11,2,5,.15
0,12,2,5,.14
0,13,2,5,.14
0,14,2,5,.14
0,15,2,5,.13
0,16,2,5,.14
0,17,2,5,.15
0,18,2,5,.15
0,19,2,5,.15
0,20,2,5,.15
0,21,2,5,.14
0,22,2,5,.13
0,23,2,5,.14
0,0,3,5,.13
0,1,3,5,.13
0,2,3,5,.13
0,3,3,5,.14
0,4,3,5,.14
0,5,3,5,.14
0,6,3,5,.15
0,7,3,5,.15
0,8,3,5,.16
0,9,3,5,.16
0,10,3,5,.16
0,11,3,5,.16
0,12,3,5,.17
0,13,3,5,.17
0,14,3,5,.18
0,15,3,5,.19
0,16,3,5,.2
0,17,3,5,.2
0,18,3,5,.2
0,19,3,5,.21
0,20,3,5,.2
0,21,3,5,.2
0,22,3,5,.18
0,23,3,5,.19
0,0,4,5,.2
0,1,4,5,.18
0,2,4,5,.17
0,3,4,5,.16
0,4,4,5,.16
0,5,4,5,.13
0,6,4,5,.14
0,7,4,5,.14
0,8,4,5,.14
0,9,4,5,.15
0,10,4,5,.15
0,11,4,5,.15
0,12,4,5,.16
0,13,4,5,.17
0,14,4,5,.17
0,15,4,5,.18
0,16,4,5,.19
0,17,4,5,.21
0,18,4,5,.22
0,19,4,5,.22
0,20,4,5,.2
0,21,4,5,.2
0,22,4,5,.19
0,23,4,5,.19
0,0,5,5,.2
0,1,5,5,.19
0,2,5,5,.2
0,3,5,5,.21
0,4,5,5,.21
0,5,5,5,.18
0,6,5,5,.19
0,7,5,5,.19
0,8,5,5,.2
0,9,5,5,.23
0,10,5,5,.19
0,11,5,5,.18
0,12,5,5,.18
0,13,5,5,.18
0,14,5,5,.17
0,15,5,5,.17
0,16,5,5,.18
0,17,5,5,.16
0,18,5,5,.18
0,19,5,5,.16
0,20,5,5,.16
0,21,5,5,.15
0,22,5,5,.15
0,23,5,5,.14
0,0,6,5,.13
0,1,6,5,.12
0,2,6,5,.13
0,3,6,5,.12
0,4,6,5,.13
0,5,6,5,.12
0,6,6,5,.14
0,7,6,5,.13
0,8,6,5,.12
0,9,6,5,.12
0,10,6,5,.12
0,11,6,5,.13
0,12,6,5,.14
0,13,6,5,.14
0,14,6,5,.14
0,15,6,5,.15
0,16,6,5,.14
0,17,6,5,.13
0,18,6,5,.14
0,19,6,5,.14
0,20,6,5,.15
0,21,6,5,.15
0,22,6,5,.15
0,23,6,5,.13
0,0,7,5,.15
0,1,7,5,.16
0,2,7,5,.14
0,3,7,5,.15
0,4,7,5,.14
0,5,7,5,.17
0,6,7,5,.21
0,7,7,5,.16
0,8,7,5,.19
0,9,7,5,.17
0,10,7,5,.16
0,11,7,5,.15
0,12,7,5,9999
0,13,7,5,.2
0,14,7,5,.17
0,15,7,5,.16
0,16,7,5,.16
0,17,7,5,.15
0,18,7,5,.16
0,19,7,5,.15
0,20,7,5,.15
0,21,7,5,.16
0,22,7,5,.15
0,23,7,5,.15
0,0,8,5,.16
0,1,8,5,.13
0,2,8,5,.14
0,3,8,5,.14
0,4,8,5,.13
0,5,8,5,.17
0,6,8,5,.19
0,7,8,5,.22
0,8,8,5,.22
0,9,8,5,.21
0,10,8,5,.21
0,11,8,5,.19
0,12,8,5,.19
0,13,8,5,.18
0,14,8,5,.17
0,15,8,5,.17
0,16,8,5,.18
0,17,8,5,.16
0,18,8,5,.15
0,19,8,5,.15
0,20,8,5,.15
0,21,8,5,.14
0,22,8,5,.14
0,23,8,5,.15
0,0,9,5,.15
0,1,9,5,.13
0,2,9,5,.14
0,3,9,5,.13
0,4,9,5,.14
0,5,9,5,.13
0,6,9,5,.15
0,7,9,5,.12
0,8,9,5,.12
0,9,9,5,.12
0,10,9,5,.12
0,11,9,5,.13
0,12,9,5,.14
0,13,9,5,.14
0,14,9,5,.14
0,15,9,5,.15
0,16,9,5,.15
0,17,9,5,.15
0,18,9,5,.17
0,19,9,5,.16
0,20,9,5,.19
0,21,9,5,.2
0,22,9,5,.18
0,23,9,5,.18
0,0,10,5,.19
0,1,10,5,.16
0,2,10,5,.16
0,3,10,5,.17
0,4,10,5,.18
0,5,10,5,.2
0,6,10,5,.22
0,7,10,5,.26
0,8,10,5,.23
0,9,10,5,.18
0,10,10,5,.17
0,11,10,5,.14
0,12,10,5,.13
0,13,10,5,.13
0,14,10,5,.13
0,15,10,5,.14
0,16,10,5,.13
0,17,10,5,.15
0,18,10,5,.16
0,19,10,5,.15
0,20,10,5,.15
0,21,10,5,.15
0,22,10,5,.14
0,23,10,5,.13
0,0,11,5,.13
0,1,11,5,.13
0,2,11,5,.13
0,3,11,5,.14
0,4,11,5,.14
0,5,11,5,.15
0,6,11,5,.15
0,7,11,5,.16
0,8,11,5,.16
0,9,11,5,.16
0,10,11,5,.15
0,11,11,5,.16
0,12,11,5,.15
0,13,11,5,.16
0,14,11,5,.17
0,15,11,5,.16
0,16,11,5,.16
0,17,11,5,.16
0,18,11,5,.17
0,19,11,5,.16
0,20,11,5,.16
0,21,11,5,.16
0,22,11,5,.16
0,23,11,5,.14
0,0,12,5,.13
0,1,12,5,.12
0,2,12,5,.13
0,3,12,5,.13
0,4,12,5,.13
0,5,12,5,.13
0,6,12,5,.14
0,7,12,5,.14
0,8,12,5,.14
0,9,12,5,.14
0,10,12,5,.14
0,11,12,5,.14
0,12,12,5,.14
0,13,12,5,.13
0,14,12,5,.12
0,15,12,5,.12
0,16,12,5,.11
0,17,12,5,.12
0,18,12,5,.12
0,19,12,5,.14
0,20,12,5,.19
0,21,12,5,.15
0,22,12,5,.15
0,23,12,5,.17
0,0,13,5,.18
0,1,13,5,.15
0,2,13,5,.15
0,3,13,5,.14
0,4,13,5,.15
0,5,13,5,.16
0,6,13,5,.17
0,7,13,5,.19
0,8,13,5,.18
0,9,13,5,.14
0,10,13,5,.14
0,11,13,5,.12
0,12,13,5,.13
0,13,13,5,.13
0,14,13,5,.14
0,15,13,5,.13
0,16,13,5,.13
0,17,13,5,.14
0,18,13,5,.14
0,19,13,5,.15
0,20,13,5,.16
0,21,13,5,.17
0,22,13,5,.17
0,23,13,5,.17
0,0,14,5,.17
0,1,14,5,.17
0,2,14,5,.17
0,3,14,5,.15
0,4,14,5,.14
0,5,14,5,.15
0,6,14,5,.18
0,7,14,5,.18
0,8,14,5,.17
0,9,14,5,.16
0,10,14,5,.16
0,11,14,5,.14
0,12,14,5,.14
0,13,14,5,.13
0,14,14,5,.13
0,15,14,5,.13
0,16,14,5,.13
0,17,14,5,.14
0,18,14,5,.16
0,19,14,5,.19
0,20,14,5,.16
0,21,14,5,.16
0,22,14,5,.16
0,23,14,5,.15
0,0,15,5,.15
0,1,15,5,.13
0,2,15,5,.15
0,3,15,5,.15
0,4,15,5,.15
0,5,15,5,.15
0,6,15,5,.14
0,7,15,5,.15
0,8,15,5,.14
0,9,15,5,.15
0,10,15,5,.15
0,11,15,5,.15
0,12,15,5,.14
0,13,15,5,.13
0,14,15,5,.13
0,15,15,5,.14
0,16,15,5,.14
0,17,15,5,.15
0,18,15,5,.16
0,19,15,5,.18
0,20,15,5,.16
0,21,15,5,.19
0,22,15,5,.19
0,23,15,5,.18
0,0,16,5,.19
0,1,16,5,.18
0,2,16,5,.19
0,3,16,5,.18
0,4,16,5,.18
0,5,16,5,.16
0,6,16,5,.16
0,7,16,5,.16
0,8,16,5,.16
0,9,16,5,.16
0,10,16,5,.14
0,11,16,5,.14
0,12,16,5,.15
0,13,16,5,.16
0,14,16,5,.15
0,15,16,5,.15
0,16,16,5,.15
0,17,16,5,.13
0,18,16,5,.13
0,19,16,5,.14
0,20,16,5,.15
0,21,16,5,.15
0,22,16,5,.14
0,23,16,5,.17
0,0,17,5,.2
0,1,17,5,.21
0,2,17,5,.21
0,3,17,5,.2
0,4,17,5,.2
0,5,17,5,.2
0,6,17,5,.23
0,7,17,5,.26
0,8,17,5,.33
0,9,17,5,.3
0,10,17,5,.22
0,11,17,5,.15
0,12,17,5,.13
0,13,17,5,.13
0,14,17,5,.13
0,15,17,5,.13
0,16,17,5,.15
0,17,17,5,.15
0,18,17,5,.16
0,19,17,5,.17
0,20,17,5,.17
0,21,17,5,.16
0,22,17,5,.16
0,23,17,5,.15
0,0,18,5,.16
0,1,18,5,.16
0,2,18,5,.16
0,3,18,5,.16
0,4,18,5,.17
0,5,18,5,.18
0,6,18,5,.21
0,7,18,5,.23
0,8,18,5,.21
0,9,18,5,9999
0,10,18,5,9999
0,11,18,5,.21
0,12,18,5,9999
0,13,18,5,9999
0,14,18,5,9999
0,15,18,5,9999
0,16,18,5,9999
0,17,18,5,9999
0,18,18,5,9999
0,19,18,5,9999
0,20,18,5,9999
0,21,18,5,9999
0,22,18,5,9999
0,23,18,5,9999
0,0,19,5,9999
0,1,19,5,9999
0,2,19,5,9999
0,3,19,5,9999
0,4,19,5,9999
0,5,19,5,9999
0,6,19,5,9999
0,7,19,5,9999
0,8,19,5,9999
0,9,19,5,
0,10,19,5,
0,11,19,5,
0,12,19,5,
0,13,19,5,
0,14,19,5,
0,15,19,5,
0,16,19,5,
0,17,19,5,
0,18,19,5,
0,19,19,5,
0,20,19,5,
0,21,19,5,
0,22,19,5,
0,23,19,5,
