date,h01,h02,h03,h04,h05,h06,h07,h08,h09,h10,h11,h12,h13,h14,h15,h16,h17,h18,h19,h20,h21,h22,h23,h24
2021-01-01,5.4,8.9,12.1,16.2,19.5,23.8,22,22.8,24.3,21.3,16.9,11.1,9.3,7.2,6.7,9.3,7.8,9.3,8,7.7,4.9,4.5,3.8,3.3
2021-01-02,2.7,3.8,4.5,6.4,3.5,3.6,6.1,6.4,4.3,5.9,3.9,2.8,2.7,3.3,3.5,5.1,8.6,12.6,9.8,7,8.1,10.7,10.4,22.4
2021-01-03,32.6,22.6,31.3,32.3,27.8,17.1,12,10.9,12.8,9,5.2,6.2,5.2,5.4,4.6,5.7,7.2,10.5,8.5,10.5,9.9,9,8,7.6
2021-01-04,8.4,6,6.3,6.7,6.6,6.2,8.4,9.8,10.3,8,6.9,7.5,9,10.7,10.2,10.6,12.4,12.9,8.4,10,12.3,13.5,9.9,7.3
2021-01-05,9.3,6.5,8.7,11.9,12.6,9.4,9.6,10.4,9.6,7.9,6,5.4,5.3,6.3,6.2,5.8,10.3,13.9,12.1,13.5,14.6,17,12.1,11.3
2021-01-06,10.5,14,12.9,9.8,7.9,3.8,4.6,4.5,4.5,4,4.8,2.8,2.1,2.2,2,2.7,4.2,6.3,4.3,4.1,4.3,4.4,2.8,2.5
2021-01-07,2.2,2.2,1.8,2.3,1.9,2.9,2.8,4.2,2.9,3.1,3,3.2,2.4,2,2.4,2.9,3.3,3,2.3,2.7,2.5,2.9,2.4,2.2
2021-01-08,2.4,2,1.9,2.4,2.7,3.9,4.3,4.9,6.3,3.5,2.9,3,2.6,2.5,2.1,3,4.1,7.1,8.3,5.7,5.2,4.5,2.3,2.3
2021-01-09,2.3,2.1,1.9,2.1,2.7,2.5,2.5,5,3.2,2.9,2.7,2.5,3.1,2.1,2,3.2,4.6,4.2,3.7,4.2,4.5,5.1,5.7,3.2
2021-01-10,2.5,2.9,3.5,4.3,4,5.6,7.5,6.6,7.1,4.5,2.7,2.8,3.8,4.2,5.5,7,9.2,10.8,15.9,16.7,17.5,24.4,27.1,25.3
2021-01-11,21.6,16.1,11.5,11.4,12.9,14.3,20.6,24.4,24.1,20.1,13.4,14.7,13.9,12.1,12.2,11.8,13.6,14.2,14.1,12.5,12.9,14,12.4,8.5
2021-01-12,8.3,7.3,6.6,8.2,8.8,8.2,8.6,9.6,13.5,12.6,14.1,8.4,7,7.9,7.9,11.3,15.5,15.1,12.3,13.5,10.3,11.8,10.5,9.4
2021-01-13,9.2,9.5,10.1,11.9,13.4,13,14.8,16.2,17.7,15.9,16.7,15.2,13.4,14.8,15.5,14.1,16.3,13.1,11.1,10.8,11.8,11.6,16.1,15.3
2021-01-14,13.6,13.7,10.7,12.1,14.2,23.4,25.2,25.4,21.1,16,15.7,9.4,7.5,8.7,9.5,8.6,12.1,14.1,13.2,14.4,12.8,12.1,13.3,13.3
2021-01-15,12.5,12.8,13,10,11.5,9.6,10,9.8,10.8,9.5,7.7,7.7,7.3,6.9,9.3,9.7,11.3,13.5,13.3,13.3,12.1,10.3,9.8,9.3
2021-01-16,8.2,9,8.2,7.6,8.3,8.3,10.7,11.6,10.7,8.8,7.3,6.9,6.8,7.2,10.6,11.3,16.9,20.2,22.9,21.1,18.4,13.1,10.1,7
2021-01-17,5.9,5.5,5.6,4.2,3.9,3.9,3.7,4.2,4.3,3.4,2.9,2.5,2.4,2.3,2.4,2.7,3,3,3.4,3.3,3,3.4,2.6,2.9
2021-01-18,3.5,4.4,6.2,6.1,6.1,3.4,5,4.6,5.3,3.7,1.9,2.1,2,1.9,1.9,2.8,5.3,7.6,9,9.5,10.7,6.5,9.1,9.8
2021-01-19,11.4,15.1,14.7,11.4,12.1,13.6,15.2,18.4,30,23.1,14.7,14.6,9.2,11,11.1,12.1,15,10.7,10.8,12.7,13.2,17,11.5,16.6
2021-01-20,16.8,17.7,13.9,14,14.8,19,14.3,10.4,6.2,3.3,2.9,2.7,1.9,2.2,2.5,3.3,4.4,5.8,6.7,9,9.9,9.9,24,20.4
2021-01-21,20.7,8.1,8.1,7.5,6.6,7.5,8.5,10.7,12.5,11.7,10.8,14.1,15.1,13.7,16.1,17.4,19.2,22.3,20.4,18,15.1,15.3,28.4,34.7
2021-01-22,39.6,25.9,18.7,14.7,9.3,8.3,10.5,12.2,7.2,8.1,5.7,5,4.1,3.4,3.6,4.2,4.9,5.6,4.2,3.8,4.6,2.7,2.6,3
2021-01-23,3.2,3.8,3.6,2.9,2.4,2.8,2.4,2.3,2.4,2,1.7,1.8,1.9,2,2.2,2.7,4,5.3,4.9,5.8,3.5,3.2,3,2.5
2021-01-24,4,4.6,4.1,4.2,4.5,5.3,6.5,6.1,6.2,5.3,3.7,2.9,2.5,2.5,2.8,2.9,4.3,6.5,7.5,7.7,9.7,12.6,11.8,20.2
2021-01-25,24.7,22.5,14.2,10.3,8.7,16.9,29.9,30.3,31.5,38.6,23.5,23.8,16.5,13.3,19.7,16.8,17,15.3,13.7,14.3,15.9,13.6,17.2,14.1
2021-01-26,16.7,14.9,15.9,14.5,10.1,11.6,10.1,10.3,9.3,6.3,5.4,5.9,5,4.5,5.7,5.9,7.4,8.3,5.6,5,4.7,4.3,4.7,4.8
2021-01-27,5.7,6.7,7,6.9,8.4,7.9,8.7,10,5.7,4.9,5.2,3.4,3.1,3.7,2.6,4.3,5.2,6.2,5.8,6,5.9,3.2,2.5,1.7
2021-01-28,1.8,2.3,2.3,2.6,2.7,4.1,6.8,10.5,4.7,3.1,3.2,3.3,2.8,2.6,2.9,2.8,4.5,5.8,3.8,3,2.3,2.6,2.4,2.5
2021-01-29,2.5,2.5,3.2,2.9,3.6,5.6,4.4,4.7,4.3,2.7,2.5,2.1,2,2,2.3,2.4,3.6,4,4.6,7.2,7.1,6.5,7.7,11.7
2021-01-30,9,7.4,8.8,9.3,10.8,9.4,9.8,10.2,5.1,2.9,1.8,1.7,1.8,2,2.2,3.2,4.1,5.9,8.6,13.1,15.6,21.5,20.9,18.1
2021-01-31,17.5,23.1,24,14.5,14.6,12.3,13.7,14.1,10.8,7.1,4.7,5,5.9,6.9,4.5,4.5,6.6,13.5,14.9,14.6,17.9,13.8,13.1,21.2
2021-02-01,27.2,34.2,26.6,30.6,23.3,29.1,24.1,20.7,17.9,10.5,9.6,7.6,5.6,6.2,6.4,7.2,9,12.5,29.7,22.6,22.7,28.8,23.7,19.3
2021-02-02,26.3,21.1,12.7,17.5,13,9.1,10.1,8.1,8.7,8.2,6.7,7.3,5.1,4.1,5.7,7,7.4,5.6,4.3,4.2,3.9,4,3,3
2021-02-03,3.3,3.7,2.9,2.7,2.8,2.8,3.2,3.8,4.6,3.4,3.5,2.3,2.4,2.4,1.9,2.6,4.3,5,3.7,3.7,2.9,3.4,3.9,3.3
2021-02-04,2.1,3,2.6,4.2,4.1,3.4,4.4,14.4,3.5,3,2.7,2.6,5.6,9.1,7.1,9.6,8.9,8.7,11.2,25.6,41.7,38.3,33,25
2021-02-05,33,18.5,22.4,22.5,14.1,10.3,7.4,9,11.7,12.2,13.2,17.3,20.7,9.7,9.1,7.5,7,7.9,8,7.8,6.6,8.1,7.5,8.5
2021-02-06,10.1,9.8,10,9.9,10.5,12.1,12.9,10.5,8.4,7.9,4.9,4.2,3.8,4.2,4.3,5,6.9,8.4,9.8,10.1,10.9,10.5,10.7,10.6
2021-02-07,11.9,16.6,10.2,14.1,9.6,12.8,14.4,10.9,8.6,8.9,9.8,9.5,12,12.2,9.3,6.1,7.8,13.4,7.3,3.7,3.8,4.4,4,5
2021-02-08,4.1,4.8,6.7,7.1,9.1,10,13.4,14.8,15.1,14.9,10,7.3,6.5,6.9,6.2,5.7,7.7,11.7,12.7,18.8,26.5,26.1,29.2,35.7
2021-02-09,26,23,23.1,19,10.5,14.5,20.1,12.3,11,9.1,10,10.3,10.3,9.4,11,14.2,13.2,17.6,20.4,21.2,23.9,28,31.6,28
2021-02-10,24.6,11.8,5.7,6.9,10.3,7.7,10.3,12.5,11.8,7.3,4.9,3.9,3.3,2.5,2.9,3.6,4.1,8.2,12.8,13.6,14.8,20.9,18.1,17.7
2021-02-11,11.9,9,11.9,12.2,18.8,21.1,9.8,10.1,6.5,4.5,3,2.4,2.1,2.8,2.4,2.9,2.9,3.6,3.9,3.8,4.9,4.1,5.1,5.1
2021-02-12,5.1,5.1,5.4,3.9,5.7,5.9,6.2,7,5.7,3.9,3.2,3.8,2.6,2.6,2.9,3.8,4.9,6.1,8.2,11.5,13.6,9.4,6.8,7.4
2021-02-13,6,6.3,4.9,4.3,6.2,6.8,5.4,5.6,4,2.8,2.7,3.7,7.1,4.8,3.5,7,9,10.6,11.9,6.8,6.6,8.8,7.7,6.1
2021-02-14,6.2,6.9,7.5,9.5,8.6,9.5,9.5,11.6,10.4,10,9,6,4.8,4.5,3,3.3,5.4,7.1,11.2,11,13.1,26.4,35.4,25.9
2021-02-15,23.9,17.7,14.5,23.9,23.1,16,10.5,8.6,9,10.5,11.2,7.6,7.2,5,5.4,6,6.7,8.5,11.8,13.5,10.4,12.8,8,6.8
2021-02-16,6.5,5.4,5.2,4.1,3.7,4.6,6.4,7.6,6.2,5.5,5.5,3.8,3.4,4.1,4.1,5.1,4,5.4,5,5.1,4.3,3.5,2.3,4.4
2021-02-17,2.9,4.7,5.1,5.7,5.7,7.6,8.5,11.3,10.8,9.5,7.8,5.8,7.3,5.3,5.3,5.2,7.7,14.5,25,30.4,39.5,40.3,40.1,27.1
2021-02-18,28.3,35.1,35.8,35,33.9,33.8,33.8,28.7,25.9,24.2,29,19.8,12.2,11.3,9.9,9.1,10.3,15,19.8,40.1,35,20,8.2,8.6
2021-02-19,15.9,13.8,17.5,10.9,10.9,20.1,20.4,17.9,15.5,11.9,9.1,5.8,7.4,7.9,9.6,10.3,9.5,11.5,11,13.4,13.3,7.7,9.2,12.6
2021-02-20,13.2,10.4,10.3,8.5,7.1,7.9,9.2,10.1,10,7.4,5.9,2.6,2.1,2.3,2.4,2.3,2.9,4,5.5,3.7,5.4,9.4,8.9,9
2021-02-21,7.4,8.2,9.6,14.4,14,14.6,13.7,12.9,11.4,15.8,16.3,7.6,5.7,3.7,3.8,5.4,6,11.4,15.7,11.9,15.4,13.5,22.6,19.7
2021-02-22,17.8,10.8,8.9,10.1,10,9.8,12.9,11.7,10.5,9.6,8.5,8.8,9,9.1,9.5,11.1,13.8,13.9,14.7,13.1,16.2,13.5,14.8,19
2021-02-23,22.8,8.4,6.8,12.9,13,11,13.2,16.5,12.3,10.8,12.4,13.3,13,10.5,13.4,16.7,13,13.2,11.3,9.5,10.6,9.6,9.9,7
2021-02-24,6.1,4.7,5.8,5.1,7,5.2,12.1,10.9,8.9,9.5,11.4,10.1,7.9,9.3,11.3,10.3,9.6,7.5,4.8,5,8.5,6.6,3.7,3
2021-02-25,3.9,2.6,3,6.1,6.5,5.2,7.7,11.2,4.7,2.6,3.2,2.6,2.3,2.4,2.7,3,3.1,5.7,9.9,11.8,13.8,13.3,8.2,6.6
2021-02-26,7.9,9.9,13.5,16.1,25.1,34.6,26.8,28.4,28.3,17.7,6.5,5,5,5.3,5.2,5.5,7.3,8.4,13.5,13.5,16.5,19.3,11.8,13.7
2021-02-27,18.5,11.6,10,7.7,10.3,12.9,9.3,9.8,12.9,13.1,13.9,13.3,12.4,17.7,17.1,18.5,6.3,5.8,8.3,12.4,12.5,8.9,10.5,10.5
2021-02-28,19.7,34.2,37.2,34.7,31.6,31.8,33.2,29,18.7,17,14.7,12.8,8.3,6.9,6.2,6.6,5.4,6.5,6.4,6.3,6,5.4,6.8,11.9
2021-03-01,11.2,5.5,9.2,10.4,8.5,8.3,6.8,8.3,7.7,5,3.1,3,1.7,1.8,1.8,1.9,2.5,2.3,1.8,1.6,1.4,1.5,1.5,1.8
2021-03-02,1.5,2,2.2,2.1,2.2,2.6,5.1,5,2.9,2.1,2.3,2.1,2.1,2.2,2.4,2.5,3.3,5.2,13.6,13.6,10.3,13.9,14.1,15
2021-03-03,17.4,22.1,25.2,34.5,27.1,29,21.9,27.2,20.9,22.4,13.7,8.1,5.8,7.2,6,6,6.6,7.5,9.4,10.6,10.3,8.8,4.7,3.9
2021-03-04,2.6,2.8,2.8,4,4.4,7.1,2.8,2.4,2.1,1.9,1.5,1.3,1.3,1.3,1.4,1.7,3.9,4.1,3.8,2.3,2,2,2.1,2.3
2021-03-05,1.8,2.4,2.2,2.2,2.6,4.3,4.9,5.4,4.1,3,2.5,2.3,2,2,2.7,2.1,1.8,2.5,2.8,3.6,2.1,2,2.2,2.9
2021-03-06,2.2,2.8,3.2,3.4,3.9,3.6,3.4,2.5,2.1,1.4,1.6,1.5,1.7,1.7,2,2.4,2.8,3,5.3,5.7,6.7,5.4,6.2,7.2
2021-03-07,7.5,5.5,5.3,3.5,3.4,3.9,3.6,3.8,2.3,1.5,1.3,1.4,1.5,1.7,1.7,2.4,2.9,4.2,6.7,9.7,16.9,15.3,15.2,27.5
2021-03-08,28.2,26.2,20.9,19.7,26,27.3,28,28.5,20.4,21.8,25.8,8.7,6.7,5.9,6.8,11.4,11.7,12.6,10.4,10.8,14.1,15.1,14.3,16.3
2021-03-09,18.8,21.7,14.7,15.8,15.9,22.2,20.8,19.4,14.1,7.7,5.6,2.7,2.8,3.4,4,3.6,4.5,7.8,12.8,14.5,32.3,46.5,47.6,40.3
2021-03-10,36.4,26,34.9,31.1,28.9,22.3,14.3,16.7,14.9,9.6,7.5,6.1,6.3,6.8,7.7,9.8,15,16.8,19.5,16.8,22.3,27.4,23.7,9.3
2021-03-11,6.8,8.2,10.3,10,10.3,10.9,11.4,13.6,13.5,16,13.3,7.5,6.1,6.4,6,4.9,5.9,6.2,6.2,6,5.1,3.4,2.7,2.5
2021-03-12,2.8,1.7,1.7,1.9,2.1,2.5,4.8,5.6,4.3,3.2,3.2,2.7,2.7,2.6,2.3,2.6,3.3,2.9,1.9,1.6,1.7,1.3,1.5,1.2
2021-03-13,1.6,1.2,1.6,1.6,1.9,2.3,3.1,2.3,2,1.6,1.7,2.2,2,1.4,1.6,1.8,2.4,4.7,4.2,6.1,6.2,5.3,6.1,5.7
2021-03-14,5.2,4.6,-999,-999,2.4,2.3,2.3,2,1.9,1.3,1.2,1.3,1.3,1.3,1.2,1.6,1.7,1.9,2.6,2.3,1.8,1.8,1.5,1.4
2021-03-15,1.5,1.6,1.6,2,2.2,2.5,3.3,4.3,3.2,2.7,2.3,1.6,1.6,1.8,1.8,1.6,2.6,3,4.7,6.2,6.7,8.5,15.8,20.9
2021-03-16,23.5,22.3,19.8,38.1,37.5,31.1,24.4,23.6,21.7,21,15.6,9,7.4,4.5,3.9,4.4,5.6,8.9,13.2,16.4,30,26.1,27.3,34.8
2021-03-17,38.3,25.4,24.8,29.7,30.3,31.7,32.3,30.8,33.8,20.3,9.5,9.8,6.3,5.9,5.5,6.9,8.1,8.9,10.6,11,10.6,10.3,6.7,8.4
2021-03-18,5.6,6,6.6,6.7,5.7,7.2,13.5,8.7,5.7,3.9,3.3,2.6,2,1.9,2,1.8,2.4,2.7,3.3,3.4,3.4,2.7,2.1,2.7
2021-03-19,4.7,6.4,4.6,4.3,4.7,6.5,8.2,4.5,3,2.9,1.7,1.4,1.6,1.5,2.6,2.6,2.8,4.1,7.4,20.3,29.5,10,11.1,17.8
2021-03-20,13.2,9.1,6.6,6.7,10.6,12.8,13.9,11.1,7.8,5.1,2.5,2.7,2.6,2.8,2.3,2.8,3.4,5.9,11.9,8.5,11.2,14.4,19.4,12.1
2021-03-21,10.5,22.4,26.9,34.2,32.4,35.8,33.6,26.9,18.7,10.4,6.4,4.3,3.4,3.2,3.3,3.3,3.6,5.1,8.3,10.8,9.4,9.8,17.1,19.5
2021-03-22,34.6,34.6,19.6,14.6,10.4,17.4,16.6,32,25.6,11.3,7.3,5.1,4.3,3.9,3.3,3.4,4.2,4.8,8.4,10.9,10.4,10.3,8.7,16.9
2021-03-23,24.7,24.5,25,15,15,19,26.4,27.6,33.5,22.7,7.5,7.2,5.8,6.6,5.9,5.4,6.4,8.7,9.8,14.4,13.8,9.9,10.6,19.8
2021-03-24,17.5,13.1,11.5,8.2,8.7,9.8,16.5,15.9,18.4,16,15.8,9.9,9.9,9,8.3,10.5,11.2,11.4,12.2,12.2,9.4,8.9,9,9.9
2021-03-25,9.5,6.8,8.3,8.9,11.8,7.9,20.3,17.7,16.7,8.6,5.4,4.3,4.5,4.1,4.9,5.4,5.1,7.7,7.9,5.6,5.6,6.2,3.2,4
2021-03-26,4.8,3.3,3.3,3.5,3.1,3.7,4,4.6,4.3,4.3,5.6,4.8,3.4,2.6,2.2,2.2,2.2,1.9,1.9,2,2.3,3,2.8,2
2021-03-27,2.2,2.5,2.4,2.7,2.6,3.3,3.2,3.1,2.8,2.9,2.2,1.9,2.1,2,2.4,2.6,1.7,3.9,6.1,4.8,3.8,4,3.5,3.8
2021-03-28,3.5,3.6,3.8,3.2,4.4,3.8,4,4.3,4,4.1,5.4,6,5.6,6,8.2,9.3,15.4,19.5,6.2,4.5,2.5,2.5,2.2,2
2021-03-29,1.8,1.4,1.2,1.2,1.3,1.7,2,2.2,2.2,1.8,1.8,1.7,1.5,1.7,1.6,1.8,1.7,1.9,3.9,11.6,18.9,34.5,37.5,27.1
2021-03-30,24.5,25.3,25.9,16.7,22.7,18.4,13.5,15.3,9.9,4.5,3.8,3.7,3,3.5,4.2,3.4,3.8,4.7,5.7,5.9,4.4,4.9,6.7,5.1
2021-03-31,3.5,3.1,3.6,3.6,5,7.7,17.8,9.9,7.6,5.8,6.3,6.6,4.8,3.9,3.9,4.1,3.8,3.9,3.9,7.4,12,9.4,7.9,4.8
2021-04-01,3.4,2.9,2.5,3.3,2.3,2.3,2.8,2.8,2.3,2,2.1,1.4,1.3,1.4,1.4,1.6,1.7,1.8,2.4,1.9,3.4,3.1,3,2.1
2021-04-02,1.8,2,2.1,2.1,2.2,2.2,2,1.7,1.4,1.4,1.3,1.3,1.1,1.1,1.2,1.2,1.4,1.6,2.1,3.1,7.3,7.6,8.5,9.8
2021-04-03,7.5,7.9,6.2,6.8,6,6,7.2,4.2,3.2,2.2,2,1.7,1.6,1.7,2,1.9,2.4,3.9,6.1,7,6.2,6.8,5.8,4.6
2021-04-04,4.9,5.7,13,13,13,16.6,13.2,9.9,5.9,4.5,3.6,2.9,3.4,2.9,2.8,2.8,2.5,2.7,4.3,7.7,5,5.2,5.3,3
2021-04-05,4.1,3.5,3.8,3.8,4.5,4.4,4.8,3.5,2.3,2.1,2.1,1.5,1.4,1.6,1.4,1.4,1.8,1.7,2.5,4.5,5.2,5.8,8.4,8.3
2021-04-06,7.5,10.2,4.7,9,4.4,6.1,5.4,4.2,2.6,1.5,1.4,1.5,1.7,2,1.9,2,2.4,2.7,5.4,10.9,12,14.9,8.9,7.4
2021-04-07,17.6,11.2,11.9,10.8,12.2,16.5,16.1,11,9.2,7.8,6.2,4.1,2.7,2.5,2.4,2.5,2.5,2.4,3.1,4.7,5.2,5.4,6,5.9
2021-04-08,5.7,6.9,5.7,3.8,3.6,4.4,5.2,4,3.4,3.1,2.6,2.4,2.5,2.2,2.4,2.3,2.4,3.1,3.5,4.6,5.8,4.3,3.3,2.9
2021-04-09,2.7,3.3,3.3,3.5,4.5,6.4,8.4,6.9,5.5,5.5,3.6,2.6,2.8,2.5,2.5,3.1,3.1,4.5,4.9,6.5,12.4,13.3,19.2,13.3
2021-04-10,9.9,10.2,9.8,13.5,8.8,10.9,8.1,11.2,3.8,3.1,2.7,2.5,2.4,2.6,2.2,2.4,2.6,3.1,6.2,11.6,11.9,9.5,11.9,9.3
2021-04-11,7.4,4.6,3.8,2,1.9,1.9,1.9,1.7,1.9,3.1,2.2,1.8,1.6,1.8,1.7,1.9,1.6,1.9,1.8,2.3,1.7,1.9,1.7,1.5
2021-04-12,1.4,1.4,1.4,1.6,1.7,2.3,3.2,3.2,2.4,2.7,2.5,2.6,2.5,2.6,2.3,2.2,2.6,2.4,2.5,2.2,2.1,2,2.2,2.6
2021-04-13,2.1,1.9,2,1.9,2.1,2.8,4.7,3.7,2.9,2.7,2.4,2.3,2.1,2.1,2,2.5,2.4,3.1,4.3,3.5,3.3,5,8.2,16
2021-04-14,15.7,7.7,6,4.6,3.7,4.3,6,6.8,4.5,3.8,4.3,4.3,3,3.8,6,4.5,4.8,5.1,5.8,7.8,11,8.4,7.5,6.4
2021-04-15,7.1,5,3.1,2.7,4,5.5,5.5,5.6,6.9,7.5,4.8,6.8,4,5.4,3.1,4.1,5.1,5.3,7.3,7.1,5.1,4.2,4.5,4.8
2021-04-16,2.9,3.7,2.5,2,2.6,2.5,6.7,5.8,6.2,4.2,4,2.9,2.9,2.7,3,3,2.6,3.5,3.7,3.7,3.4,2.3,3.2,4.1
2021-04-17,3.5,4.2,4.2,3.1,3.1,3.9,3.5,4,2.4,2.4,2.4,2.5,1.8,2,2.1,1.7,1.9,2.5,2.9,3.5,3.4,3.5,4.6,4.2
2021-04-18,4.1,5.6,4.2,4.4,4.8,4,4,3.5,3.2,3,2.8,2.4,2.3,2.6,2.9,2.9,3,2.9,3.7,7.8,7,7.2,7.6,7.9
2021-04-19,4.9,4.3,7.3,13.5,12.6,7.7,10,9.7,8.5,4.5,3.3,3,2.4,2.8,2.2,1.5,2.1,2.3,3.2,3.5,3.7,4.8,4.5,2.7
2021-04-20,3,3,2.2,1.6,2.1,2.4,2.8,2.2,1.8,2,2.4,1.8,2,1.8,2.4,2.2,2.7,2.1,1.9,2,1.5,1.7,1.4,1.3
2021-04-21,1.4,1.9,1.9,1.6,1.6,2.3,4.9,3,2.3,2.2,2.1,1.8,1.9,1.1,1.3,1.2,1.1,1.6,1.8,1.8,1.3,1.2,1.6,2
2021-04-22,1.7,1.8,2.3,2.1,2.8,2.4,2.7,1.7,2.1,1.6,1.2,1.1,1.2,1.3,1.4,1.7,1.4,1.4,1.3,1.5,2.2,3.1,2.9,2.1
2021-04-23,2.3,2.1,3.1,2.6,2.4,4,5.5,2.7,1.9,1.7,1.8,1.4,1.5,1.4,1.5,1.6,1.6,1.6,2.1,3.3,3.8,3.9,4.3,2.7
2021-04-24,5.1,3.3,3.9,3.9,4.5,4.4,4.5,2.7,3.3,3.4,2.2,1.5,1.4,2,1.9,2.6,2.6,3.5,4.7,5.5,6.1,6,8.6,8.3
2021-04-25,11.4,9.4,7.7,15.7,12.7,11.9,8.9,12.6,11.7,4.6,3.1,4.8,4.6,4.8,3.5,4,1.6,1.1,1.2,.8,.8,.7,.8,.8
2021-04-26,.9,.8,1,1.1,1.3,2,1.9,2.1,1.3,1.3,1.3,1.2,1.1,1.1,1.2,1,1.1,1.3,1.7,3.1,3.5,2.7,2.7,2.8
2021-04-27,3.3,2.4,3.9,6,4.2,5.4,4,5.2,6,2.6,2,2.9,2.5,1.7,2.4,1.9,2,2,3.4,3.9,4.8,4.7,6.5,6.2
2021-04-28,8.3,5.4,5.1,4.1,3.8,5.8,6,5.3,4.2,5.3,3.2,4.6,5.5,6.1,8.8,9.7,9.4,4.5,4.7,6.2,4.5,4,2.5,3
2021-04-29,2.6,2.5,2.2,2.2,3,3.5,4.8,4.4,4.1,4.1,4,3.2,3.1,3.1,3.4,4.7,4.3,4.8,5.4,10.4,11.8,9.4,7.2,5.6
2021-04-30,4.3,4.4,3.3,3.2,2.7,2.9,5.5,5.6,4.8,2.7,3.4,3.5,1.7,1.3,1.3,1.4,2,2.3,1.9,2.2,1.4,.7,.8,.8
2021-05-01,.7,.8,.8,.8,.9,1.2,1.3,1.3,1.3,.9,1.4,1.4,1.7,1.4,1.2,1.4,1.6,2.5,3.4,3.5,3.8,6.9,5.1,4.3
2021-05-02,3.6,4.5,4.8,7.6,12.7,6.8,3.7,3.5,2.4,1.8,2,1.6,1,1,1,1.1,1.3,1.6,1.8,2.2,2.2,1.9,1.5,2.3
2021-05-03,2.2,1.6,1.7,2.2,2,2.7,2.9,2.8,4.4,4.8,4.9,4.8,5.1,4.9,5.6,5.8,7.5,7.7,8.4,9.3,8.5,8.2,7.4,8.1
2021-05-04,8.4,8.5,7.1,4.4,4.5,4.2,4.8,3.2,2.9,3,3,3.6,3.8,4.6,4.7,5.2,5.3,5.6,6.6,6.1,5,4.7,3.9,4.2
2021-05-05,4.4,4.5,4.3,4.1,5.5,5,6.1,6.5,6.2,4.6,2.8,2.7,2.4,1.8,1.8,1.8,1.8,1.9,2,1.3,1.3,1,1,1.1
2021-05-06,1,1.2,1,1.2,1.6,2.8,2.3,1.5,1,.9,.9,.9,.8,1.1,1.3,1.3,1.1,1.3,1.7,2.9,2.9,3.7,3,3.6
2021-05-07,8.2,8.1,3.8,6,5.3,6,9.2,4.9,4.3,4.2,9999,9999,3.9,3.7,3.1,2.9,2.7,3.3,4.6,4.2,3.3,3.9,3.2,2.4
2021-05-08,2.3,2.6,1.7,2.3,2.7,4.5,4,3.3,2.5,3.7,2.4,1.9,2.1,1.9,1.6,1.7,1.7,1.6,1.6,1.4,1.4,1.2,1.4,1.5
2021-05-09,1.8,1.7,1.2,1.1,1.1,1.4,1.3,1.1,.9,1.3,1.1,1.2,1.4,1.2,1.4,2.8,3.1,2.2,3.4,3,5.9,8.4,4.5,4.3
2021-05-10,6.7,5.9,5.4,5.8,6.1,6.4,6.9,10,7,2.7,1.9,1.5,1.8,1.5,2.4,2.7,2.2,2.1,2,2,1.4,1.1,1.3,1.4
2021-05-11,1.5,1.5,1.7,2.3,2.4,2.5,3.3,3.3,2.6,1.7,1.2,1.2,.9,.9,1.1,1.7,2.5,2.1,1.9,1.5,1.6,2.4,2.4,2.3
2021-05-12,1.8,1.7,.9,1,1.4,1.7,2,1.5,1.2,1.7,1.3,1.1,1.1,1.2,1.1,1,1,1.1,1.5,3.2,3.9,5.3,3.4,5.6
2021-05-13,6,4.6,3.9,4,3.1,4.1,4.4,6.2,4.2,1.3,1,.9,.9,1.1,2,1.2,1.2,1.5,1.8,2.8,3.6,6.2,6.1,6.1
2021-05-14,6.2,7.1,6.3,4.4,4.2,4.4,6.2,6.4,4.1,3.4,2.6,1.6,1.7,1.2,1.5,1.2,1.4,1.3,1.9,5,3.2,3.5,3.2,2.4
2021-05-15,2.4,1.6,3.4,3.2,3.1,2.8,2.9,5,2.9,1.9,1.6,1.4,1.3,1.1,1.3,1.3,1.4,1.4,1.9,2.8,2.6,4.8,4.8,2.6
2021-05-16,2.3,1.4,2.5,3.4,3,2.9,2.4,4.3,4.7,3,1.5,1.2,2.4,3.1,1.6,1.8,1.5,2,2.3,3.9,5.3,5.3,5.1,4.9
2021-05-17,7,6.9,6.3,5.4,4.2,4.7,8,12.5,17.1,13.7,6.3,3.1,2.7,2.2,2.4,2.3,2.8,2.7,3,3.3,3,2.8,2.5,1.9
2021-05-18,1.8,2.4,3.1,2.9,4.9,5.1,8,7.9,5.7,3.1,2.6,2.1,2.4,1.8,2,1.6,1.5,1.8,2.3,4.1,6.3,5.2,4.8,4.6
2021-05-19,2.7,2.5,2.7,3.3,3,3.6,5.6,8.5,12,11.9,3,2.4,2.2,2.4,1.9,1.9,2.4,2.9,3.3,3.7,4,4.1,6.6,6.6
2021-05-20,6.3,6.6,3.4,4.1,4.3,5.8,11.8,11,12.7,9.3,4.9,3.9,3,3.1,2.7,3.1,3.4,3.4,6.4,6.3,10,8.9,7.8,8.4
2021-05-21,6,5.5,5.5,6.2,5.1,5.2,7.2,10.1,13.3,8.5,4,3.2,2.5,2.4,2.4,2.5,2.8,3.3,3.4,4.4,5,4.5,3.9,2.6
2021-05-22,3.2,3.1,2.5,3,3.3,3.4,3.5,3.4,2.7,2.4,2.3,2.3,2,1.7,1.3,1.2,1.3,1.2,1.3,1.6,1.6,1.5,1.3,1.5
2021-05-23,1.9,2.2,2.3,1.9,2,1.2,1.2,.7,.8,.7,.7,.7,.8,.7,.8,.8,.8,1,.9,1.4,2,2.1,2.3,2.1
2021-05-24,1.6,2.2,1.6,1.8,1.7,2,1.1,1.3,1.2,1.5,1.7,1.3,1.3,1.5,1.7,1.4,1.2,1.5,1.9,4.1,6.2,4.2,5.5,4.4
2021-05-25,4.9,5.3,4.5,3.7,3.6,5.1,6.7,6.5,4.8,4.1,3.8,6.8,4.8,4.1,3.7,3.2,3.2,3,3.4,3.1,3.3,3.2,3.7,3.3
2021-05-26,3.2,2.7,2.8,2.8,3.6,5,7.6,7.6,7.6,5.1,4.1,3.2,2.4,2.3,2.5,1.9,1.8,1.9,1.6,1.5,1.4,1.8,1.6,.8
2021-05-27,.7,.5,.5,.7,.6,.9,1.7,1.3,1.1,1,1,1.3,.9,1,1,1,1,1,1.3,1.8,2.1,2,1.5,1.8
2021-05-28,1.7,1.7,2.5,7.8,3.3,2,2.8,2.4,2.3,1.8,3.1,1.8,2.7,1.8,1.5,3.6,4.3,1.6,1.4,2.2,3.4,3.4,3,4.3
2021-05-29,4.5,2.6,2.3,1.8,1.8,2,2,4.4,2.5,4.4,6.4,4.9,6.1,4.6,6.9,8,8.3,9.4,6.7,2.9,9,14.8,13.2,9.9
2021-05-30,7.1,3.8,3.8,3.9,3.8,3,2.4,2.2,3.4,7.7,10.2,9.9,11.1,8.2,7.8,8.8,8.6,9.9,7.5,11.2,5.8,6.9,7.5,20
2021-05-31,21.1,8.2,3,2,2.3,3,4.2,4.1,5,9,2.6,3.1,2.3,1.2,1.2,1.1,1.6,1.5,1.4,2.7,6.9,8.6,8.1,3.4
2021-06-01,2.5,1.8,1.9,2.1,2.7,3.9,5.2,6.6,5.2,2.8,2.4,2.5,2,2.6,2.7,2.6,2.6,2.4,2.1,2.4,3.8,12.2,7.1,3.1
2021-06-02,3,2.4,2.6,2.6,3,4.2,8.8,11.9,5.2,2.9,3.2,4.5,4.9,6.3,4.3,4,3.8,4.2,4.7,4.5,6.2,9.3,4.9,3.9
2021-06-03,5.3,3.7,4,4.8,6.3,5,5,5.3,11.4,21.3,12.2,6.8,4.7,4.4,2.8,2.6,2.5,2.9,2.4,2.8,4.7,5.5,4.3,3.5
2021-06-04,3.2,2.3,2.2,3.4,7.1,5.8,7.7,7.1,8.2,7.4,3.9,3,3.2,2.8,3.3,4.2,3.1,4.5,3.9,5.9,4.9,4.6,4.8,5.4
2021-06-05,4,3.6,4.2,6.8,5.2,5.7,4.7,4.7,3.8,5.1,9.7,6.3,2.9,2.3,2.2,2.1,1.8,2.3,2.3,3,3,3.8,3.7,5.2
2021-06-06,5.9,10.8,6.7,6.2,6.1,4.1,5.1,6.5,5.1,2.9,2.6,3.6,3.7,3.1,2.9,2.8,3.2,4.5,3.3,3,3.5,3.7,3.2,2.8
2021-06-07,2.9,2.9,3.2,4.8,5,5.5,5.9,7.4,5,5.1,3.6,3.1,4.8,4.1,3.5,3.4,3,2.9,3.3,5,2.9,2.8,2.6,2.8
2021-06-08,2.4,2.3,2.5,2.6,2.6,3.2,4.2,4.3,2.9,2.8,2.6,2.3,2.6,2.7,1.9,1.8,1.6,2,2,3.2,3.6,4.4,3.6,2.5
2021-06-09,2.3,2.1,1.4,.8,1.2,1.8,2,1.7,1.4,1.4,1.1,1.4,1.1,1,1.7,1.7,1.3,1.1,1.4,1.9,2.2,1.8,1.8,1.4
2021-06-10,1,1.2,1.4,1.1,1.5,3.4,2.8,2.2,2.1,1.8,1.6,1.8,1.9,2.3,2.1,2.1,2.2,2.2,2.5,3.4,3.6,4,4,3.6
2021-06-11,2.8,2.5,3,3.6,3.7,4.7,6.4,5,3.9,2.8,2.6,1.8,1.4,1.7,2,1.7,1.7,2.1,2.4,3.7,3.5,2.6,2.4,2.3
2021-06-12,1.5,1.8,1.5,1.5,1.4,1.2,1.6,1.8,2.2,.9,1.1,.8,.8,.7,.9,1,.9,1.8,2.7,3,3,3.3,3.4,3.1
2021-06-13,2.6,1.8,1.8,2,1.6,1.3,1.3,1.3,1.8,2.8,1.9,1.4,1.4,1.2,1.3,2.1,2,2.5,3.2,3,3.2,4,3.4,3.3
2021-06-14,2.7,2.9,2.6,2.4,2.3,3.5,5.3,5.8,3.7,3,3.6,3,3.4,5.9,6.1,4.9,3.3,3.2,4.3,6.3,6.1,3.9,3.3,3.2
2021-06-15,2.4,2.4,2.2,1.8,1.8,2.4,2.9,2.2,1.4,1.5,1.4,2.1,1.5,2.3,1.8,1.1,1.3,1.1,1.2,1.6,1.3,1.2,1.3,1.2
2021-06-16,1.4,1,.9,.8,.9,1.1,1.4,1.5,1.1,1,.9,1.4,1,1,.9,1.3,1,.9,1.2,1.6,3,4.3,3.8,2.5
2021-06-17,2.1,3.9,3.2,2.7,3.5,4.1,4.4,4.3,3.2,2.3,1.3,1.3,1.7,1.3,1.5,1.5,1.6,1.5,1.8,3.5,3.7,3.7,3.3,3.1
2021-06-18,3.6,2.7,2.7,3.1,3.3,3.8,5.8,6.2,7.6,7.2,5.6,5.1,6,6.8,7.9,4.6,3.9,3,3.1,3.7,3.6,3.6,2.8,2.8
2021-06-19,2.9,3.1,3.1,2.9,2.9,3,2.4,1.7,1.6,1.3,1,1.1,1,1.3,.9,1,1.2,1.7,1.2,2.4,3.2,4.7,8.1,5.7
2021-06-20,3.5,2.5,2.3,1.9,1.7,1.6,2.2,1.1,1.8,1.8,1.5,1.6,1.8,2.1,1.6,1.4,1.7,1.9,2.3,2.9,3.7,3.6,3.7,3
2021-06-21,3.2,4,5.8,4.9,6.2,7.7,10.5,9.3,7.5,3.7,3.1,3.7,4.2,3.6,3,2.5,2.6,2.3,1.7,2.1,2.3,1.4,1,.7
2021-06-22,.6,.5,.4,.4,.5,.8,1,1,.9,.9,1,1,1.2,1,.9,.8,.9,.9,1.2,1.2,1.3,2,2.1,1.5
2021-06-23,1.3,2.3,2,2.3,3,3.1,3.7,3,2.9,2.4,1.4,1.4,1.3,1.1,1.1,1.2,1.2,.9,1.6,2.5,3.1,2.8,3.3,3.1
2021-06-24,2.8,2.9,3.4,2.4,3.4,7,8.9,6.8,4.5,3.9,3.5,3.4,3.2,3.1,2.7,2.6,3,2.9,2.7,3.8,4.5,5.3,4.1,2.8
2021-06-25,2.3,2.2,2.3,2.5,2.7,3.6,5.6,5.9,7,6.3,6.3,6.4,5.9,6,6,5.6,5,4.9,4.8,6.3,7.7,9.9,7.2,5.4
2021-06-26,3.2,2.9,3,4.6,3.2,2.7,3.2,3.1,3.2,3,2.9,2.8,2.8,3.2,2.9,2.8,2.8,3.4,4.1,5.9,5.1,4,3.4,3.3
2021-06-27,3.6,2.3,2.1,1.7,1.7,1.9,1.9,2,2.3,2.4,2.2,2.2,2.2,2,2.1,2.2,2.1,2.6,2.6,2.4,2.7,2.6,2.8,1.6
2021-06-28,2.1,2.5,2.3,2.2,2.4,3,3.4,3.3,2.6,2.5,2.2,1.7,1.9,2.1,1.8,1.7,1.4,1.6,1.3,2.2,2.1,2,2.2,1.8
2021-06-29,1.4,1.1,1.1,1.5,1.8,2.6,3.1,3.1,3,2.2,1.7,2,2.6,3.2,3.6,4.4,2.5,2.3,2,3.4,3.9,4.3,6.8,6
2021-06-30,4.2,3,3.2,2.2,2.4,2.6,3,3.6,3,2.3,2,2,1.8,1.9,1.8,1.5,1.1,.9,1,1.2,1.4,1.5,1.8,1.7
2021-07-01,1.3,1.3,1.4,1.5,1.7,1.6,2.2,2.5,2.9,1.2,1.2,1.3,1.1,.8,1.4,1.4,1.2,1.6,1.8,1.9,1.7,1.5,1.4,1.1
2021-07-02,1.3,1.4,1.5,1.6,2.1,2.2,2.7,1,1.1,1.2,1.2,.9,1.1,1.4,1.4,1.9,1.7,1.7,2,2,2.3,2.4,2.1,2.7
2021-07-03,1.7,3.2,1.9,1.1,1.2,1.1,1.1,1.4,1.2,1.2,1.1,1.2,1.2,1.2,1.3,1.3,1.4,1.3,1.7,1.8,2.4,2.9,3.4,4.4
2021-07-04,3.5,2.7,2.2,1.8,1.9,1.6,1.2,1,1,.9,1,.9,1,.8,.9,.9,.9,1.6,2.5,3,4.7,5.9,4.4,3.4
2021-07-05,3.7,3.8,3.6,7.2,10.1,7.1,9.4,9.7,4.7,2.5,2.2,1.8,1.9,2.3,2.8,2.3,2.5,2.4,2.6,3.6,3,2.8,3,3.2
2021-07-06,2.9,2.5,2.4,2.1,2,2.9,4.5,3,3.4,2.7,2.6,2,1.9,1.8,1.7,1.3,1.3,1.1,1.2,1.3,1.1,.8,.7,.6
2021-07-07,.5,.6,.5,.6,.7,1.1,2.4,1.9,1.8,1.8,2.1,2.5,1.7,1.1,1.3,1.5,1.4,1.5,2,2.3,2.9,2.7,1.5,1.7
2021-07-08,1.3,1.7,1.8,1.6,2.9,1.8,2.8,3,2.8,2.9,3.1,2.9,3.1,3.1,4.2,3,2.9,2.9,3.7,3.4,2.8,2.2,2,1.4
2021-07-09,1.1,1.1,1.3,2.3,1.6,2,2.6,2.9,2.8,2.1,2,1.4,1.8,1.3,1.4,1.3,1.2,1.5,1.5,3,3.1,2.6,2.2,2
2021-07-10,1.7,1.6,1.2,1.4,1.8,1.7,1.4,2.2,2.3,1.4,1,.9,1,.9,.9,1.5,1.8,2.4,2.7,4.1,5.5,5.1,5.8,7.5
2021-07-11,7.7,3.7,4.5,4.9,7.8,7.3,4.1,4.6,4,3.4,2.2,1.4,1.2,.9,.9,1,1.1,1.7,2.4,3.8,6.9,7.8,8,6
2021-07-12,4,3.1,1.9,2.3,2.8,2.9,2.8,3.3,2.3,3.1,2.2,2.3,2.5,2.4,2,2.1,2.2,2.5,2.9,3.8,4,3.7,3.5,3.7
2021-07-13,3.8,4,4,4.2,4.4,5.1,5.9,7.2,6.1,4.9,4,3.6,4,4.4,4.7,3.4,2.4,2.5,2.8,3.5,2.5,2.5,2.9,2.4
2021-07-14,2.1,1.8,1.7,1.6,2,2.8,5.2,6.2,4.6,3.4,2.3,2.1,1.5,1.6,1.4,1.4,1.5,1.5,1.5,2.3,4.3,5.4,8.6,8.3
2021-07-15,7,6,4,3.7,5.1,5.3,6.5,6.3,4.8,4,2.9,2.8,3.2,3.4,2.7,2.8,2.8,3.1,2.7,3.2,2.6,2.4,2.5,2.2
2021-07-16,1.4,1.6,1,.8,.9,1.2,1.5,1.7,1.9,1.2,2,1.8,1.1,1,1.2,1,1.1,1.3,1.7,2.4,4,5.8,4.9,2.6
2021-07-17,2.2,2.3,2.4,1.8,1.6,2.3,2.5,2.6,2.6,3,4.2,5.6,4.7,5.1,4.1,3.5,3.7,3.8,4,5.1,6.8,7.9,8.5,6.6
2021-07-18,5,4.1,3.8,3.4,3.2,3.5,2.1,3.4,2.3,2.2,1.9,1.9,1.8,1.8,1.5,2.1,1.7,2.1,1.9,3.4,3.5,3.5,3.5,3.7
2021-07-19,4.5,5,5,4.3,3.5,3.2,2.8,2,2,1.9,1.8,1.7,1,1.4,1.4,1.5,1.6,1.4,1.4,1.6,2.1,2,3.4,2.4
2021-07-20,1.9,2.8,1.1,1.4,1.1,1.9,3.1,3.7,2.3,2.1,1.6,2.2,2.1,2.2,3.9,3.8,3,1.8,1.6,1.5,1.1,1.1,.9,.9
2021-07-21,.8,1,1.1,1.1,1.2,1.5,1.8,2.2,1.9,1.5,1.4,1.2,1.1,1.4,1,1.1,1.1,1.3,1.3,2.5,3.1,2,1.2,1
2021-07-22,.9,.8,.7,1,1.8,3.4,4.6,3.5,2.2,1.4,1.2,1,1.1,1.1,1.3,1,2,2,2,2.3,3.7,2.3,1.7,1.5
2021-07-23,2.3,1.8,2.4,1.6,1.5,2.3,3,2,1.1,1.2,1.1,1,1.4,1.5,1.8,1.5,1.7,1.2,1.4,2.6,5,4.8,3.8,4.5
2021-07-24,3.1,2.1,2.1,2.1,2.5,5.3,8.2,7.6,5.7,3.6,2.6,1.3,1.2,1.4,1.4,1.4,1.8,2.4,2.5,3.1,3.2,3,2,1.5
2021-07-25,1.5,1.5,1.6,1.6,1.3,.9,1,1.1,1.1,1.3,1.2,1.3,1.3,1.4,1.4,1.6,1.8,2.1,3.1,2.4,2.3,2.9,2.7,4.4
2021-07-26,5.4,3.3,2.4,2,2.2,3.2,4,3.8,2.5,1.9,1.7,1.5,1.3,1.3,1.3,1.4,1.3,1.5,1.9,2.5,3.3,2.4,2,1.4
2021-07-27,1,1.2,1.3,1.5,1.7,3.1,5.8,4.7,3.9,4.2,5.7,3,3.9,3.7,3.1,3.7,2.3,2.2,1.9,1.8,2.5,3.5,2.2,1.8
2021-07-28,1.4,1.1,.9,.8,.8,1.5,1.8,2.8,1.8,1.8,2.2,1.9,1,.9,1.1,1.1,1,1.3,1.4,2,5.2,8.6,8.7,8.5
2021-07-29,5.7,6.5,6,4.8,5.3,7.6,7.7,10.1,6,5.4,7.9,7.6,5.7,4.2,3.2,2.8,3.1,3,2.9,3.3,3.4,3.5,3.1,2.5
2021-07-30,2.5,1.4,.8,.7,1,1,1.2,.9,.7,.7,.9,.8,.8,.9,1.4,.6,.8,.8,.9,1.5,1.7,1.3,1.6,1.3
2021-07-31,1.1,1,2,2.4,1.6,1.8,1.6,1.2,1,1.2,.8,.8,.8,1,1,.8,1,1.2,1.2,1.3,1.8,1.6,1.6,1.3
2021-08-01,1.4,1.8,3.1,3.2,3.9,2.8,3,2.4,2.4,3.6,2.1,1.6,1.7,1,1.3,.9,.9,1,1.5,2.1,2.3,3.2,3.3,2.2
2021-08-02,2.3,1,.7,.6,.6,.9,1.1,1,.8,.8,.9,.8,.7,.8,.8,.7,.9,.9,1.3,2.5,5.6,6.2,4.7,3
2021-08-03,1.9,1.1,1.3,1.4,2.2,5.1,5,3.4,2.7,1.9,1.8,1.7,1.6,1.8,1.8,2.1,1.8,1.8,2.9,3,2.8,3.5,4.2,3.9
2021-08-04,2.6,3.3,4.3,3.1,3.8,4.1,4.9,5.4,5.7,3.8,1.8,1.7,1.6,1.7,1.6,2,2.8,2.7,2.8,6.7,9.6,10.4,9.5,9.1
2021-08-05,8.3,5.9,4.5,3.6,5.1,3.8,4.4,6.7,9.1,7.1,6.6,4.4,2.6,1.7,1.8,1.7,1.8,2.2,2.6,4.5,5.1,5.1,5.2,3.4
2021-08-06,2.4,1.9,2.4,3.7,8,7.6,9.2,9.4,8.2,5.9,3.7,2.7,2.1,2.5,2.8,2.5,2,2.2,2.6,2.8,3.8,3.2,3.8,4.2
2021-08-07,3.4,3.5,3.9,3.9,4,4.1,4,4.1,3.4,1.8,1.6,1.9,1.9,1.6,1.7,2.1,1.7,2.1,1.9,1.8,1.5,1.8,1.5,.9
2021-08-08,.9,.9,.9,.9,1.4,1.5,1.8,1.8,1.5,1.5,1.4,1.4,1.5,1.4,1.7,1.4,1.8,2.1,2.5,2.7,3.2,2.7,2.1,1.6
2021-08-09,2.2,1.8,2,3.2,4.7,10.1,9.4,10.7,6.6,4.8,4,4.2,2.7,3.6,3,3.6,4.2,2.2,2.2,3.3,4.5,5.2,5.1,6.5
2021-08-10,5.7,4.4,4.5,4.6,3.8,5.2,5.9,6.2,5.5,4.8,3.8,3.1,3.1,2.4,2.7,2.6,3,2.6,3,3.4,3.5,3.4,3.4,3.9
2021-08-11,2.1,1.9,2,2.1,2.4,4.4,6.1,6.8,3.5,4.3,3.3,3,2.3,2.8,3.6,2.5,2.7,2.8,2.8,3.3,3.3,3,2.4,2.3
2021-08-12,2.1,1.8,2,2.4,3.1,3.7,3.7,3.8,4.1,4.2,3.6,3.7,4.1,3.8,2.6,2.9,3.2,3.2,2.4,2.8,3.4,4.2,3.1,3.2
2021-08-13,2.5,3.2,4.1,4.2,2.7,3.9,4.6,4,4.2,3.6,2.6,3.2,2.7,2.3,2.3,2.4,2.1,2.6,4,5,6.8,5.2,5.8,2.4
2021-08-14,1.4,1.5,1.1,.9,1,1.2,1.4,1.2,1.7,1.4,1.3,1.4,1.2,1.1,1.1,.9,.9,1.1,1.5,1.9,2.4,2,1.6,1.4
2021-08-15,1.4,1.3,1.1,.9,.8,.9,.8,1.3,1.1,1.2,.7,.8,1.1,.9,.8,.9,.9,1.1,1.5,4.3,9.1,6.5,4.1,3.1
2021-08-16,2.9,3.1,3.8,4.7,10.2,15.4,14.6,11.5,15.1,6.9,3.7,2.5,2.5,1.9,1.9,1.9,2.1,2.6,2.9,3.3,4.9,5.6,6.5,8.8
2021-08-17,8.9,4.1,2.8,2.7,2.3,2.6,3.8,6.9,5.7,5.1,5.1,5,3.6,3.5,3.6,3.8,3.6,3.3,3.3,3.4,3.3,3.5,3.5,3.2
2021-08-18,2.8,2.8,3.6,3.7,5.1,7.8,8.8,9.1,8.4,8.7,6.2,5.9,5.1,4.2,3,2.3,3.2,3.5,2.5,3.4,4.5,3.6,2.6,3.1
2021-08-19,3.8,3.2,3.8,3.7,3.7,2.9,3.1,3.6,3.8,2.9,2.5,3.1,2.2,2.5,3.4,2.9,2.1,3.1,3.2,4.1,4.6,3.9,3.3,3
2021-08-20,2.5,2,1.2,1.1,1.4,1.8,4.8,7.1,3.4,3.5,1.9,1.5,1.5,1.9,1.5,1.6,1.9,2.3,3.1,4.2,6.2,5.6,5.3,4.1
2021-08-21,3.8,3.4,2.7,1.9,1.6,1.8,2.3,3.2,3.7,3.1,2.5,1.9,1.5,1.4,1.4,1.4,1.4,1.6,2.2,2.7,3.5,3.6,5,4.7
2021-08-22,5.1,3.9,2.8,3.2,3.4,3.2,2.8,2.6,2,1.7,1.3,1.4,1.4,1.2,1.2,1.2,1.4,1.3,1.5,3.6,2.5,2.7,3.5,5.4
2021-08-23,2.3,4.7,2.7,1.9,1.3,1.7,3.1,2.6,2.4,2,1.7,2.1,2.4,2.4,2,2.2,2.8,2.6,2.6,4.3,7.9,6.2,4.5,5.1
2021-08-24,3.5,2.4,2.3,2.6,2.3,3.4,4,2.9,3.8,3,2.7,2.1,1.6,1.8,1.7,1.9,1.9,2.1,2.6,3.8,6,11.3,9.5,5.8
2021-08-25,6.5,6.7,7.1,5,4.2,5.4,5.6,7.6,11,8.1,6.4,4,2.5,2.2,2,2.4,3.2,2.4,2.9,3.5,3.8,3.6,3.7,3.6
2021-08-26,3.4,3.7,3.6,2.1,2.1,4.1,4.9,3.5,2.3,1.7,1.9,1.9,1.7,2.1,1.5,1.4,1.5,1.7,2.4,4.6,4.4,2.2,1.3,1.1
2021-08-27,.9,.9,.9,1,1.4,1.5,2.8,2.4,1.5,1.5,1.3,1.1,1,1.1,1.2,1.1,.9,1.1,1.3,2.2,1.2,1.2,1.3,1.3
2021-08-28,2.6,1.7,2.1,2.5,2.8,2.2,2.1,1.7,2.1,2.2,2.2,2.1,2.2,2.3,2.2,2.3,2.2,2.5,2.8,3.1,3.5,3.9,3.6,3.7
2021-08-29,3.1,2.8,2.6,2.7,2.6,2.5,2.7,2.7,2.4,2.7,2.8,2.4,2.5,3.2,2.8,2.9,3.3,2.9,3.3,3.5,5.5,8.5,3.8,2.9
2021-08-30,2.7,1.9,2.5,3,3.4,3.1,3.3,2.9,1.9,1.7,1.9,2.1,1.6,1.7,1.5,1.8,1.6,2,2.9,4.5,2.6,1.4,1.9,1.9
2021-08-31,1.2,1.6,2.2,2.4,2.1,3.1,3.8,3.3,2.3,1.9,1.4,1.3,2.1,1.2,1.3,1.3,1.4,1.5,2.3,2.6,2.5,1.9,1.4,1.6
2021-09-01,1.2,1,1.1,1.1,1.2,1.8,2.7,3,2.1,2.2,1.2,1.1,1.4,1.1,1.3,1,1.3,1.4,1.9,3.4,3.1,3,1.7,1.3
2021-09-02,1.1,.8,.9,.9,1.4,2.2,2.9,2.2,1.2,1.2,1.4,1.7,1.6,1.1,1.1,1.4,1.3,1.8,1.4,1.1,.8,.8,.6,.5
2021-09-03,.4,.5,.5,.6,.8,2,3.9,1.6,1.1,1.2,1.2,1.2,.8,1,.9,1,1,1.2,1.7,2.3,2.7,1.9,1.4,1
2021-09-04,.8,.6,.7,.8,.9,1.4,1.5,1.1,1.1,1,.7,.6,.6,1,.9,.8,1.2,1.6,3.9,4.3,3.4,3.1,2.9,2.8
2021-09-05,2.6,4,3.4,3,2.9,3.1,2.7,3.8,3.8,2.9,2.7,3.3,3.8,3,2.4,2,1.2,1.4,2.6,2.1,2.6,3,1.8,2.5
2021-09-06,2.7,2.9,2.4,2.2,1.9,2.6,3.3,2.5,1.9,1.3,1,1.1,1.2,1,1,1.3,1.3,1.1,2.4,3.3,3,2.7,1.8,1.7
2021-09-07,1.1,1.2,1,1.2,1.3,3.2,3.2,2.6,2.5,1.6,1.4,1.6,1.5,1.3,1.9,1.9,2.6,4,5.4,3.3,3.9,3.5,4.4,2.8
2021-09-08,2.2,2.1,2.1,2.2,2,2.9,4.3,4.8,10.1,5.1,4.7,4.1,3.6,2.4,2,2.3,2.7,3.2,3.7,2.9,2.3,4.2,3.6,3.4
2021-09-09,3.6,2.4,3.4,3.1,4,5.8,12.3,10.1,5.9,2.7,2.2,2.1,3.5,2.6,1.1,1.6,1,1.4,1.6,1.9,1.3,1,.6,.6
2021-09-10,.6,.6,.6,.6,.6,1.3,1.8,1.4,1.1,1.2,1.1,1,1,1.1,1.7,1.7,2.4,3.6,3.9,3.5,2.8,3.8,3.9,3.7
2021-09-11,3.2,4.5,3.1,2.5,2.1,2.9,4.8,2.5,2.7,2.8,2.7,3.3,2.5,2.1,1.9,1.9,1.9,2.7,2.5,2.7,2.5,2.4,2.1,2
2021-09-12,2,2,2.2,2.3,2.3,2.9,2.2,1.4,1,1.1,1.1,1.2,1.6,1,1.2,1.2,1,1.8,4,4.4,4.7,6.2,4.5,3.2
2021-09-13,2.7,2.2,1.7,1.7,1.9,2.9,4.2,2.4,2,1,1.1,1,1,1,1.2,1.1,1.3,1.5,1.6,2.6,2.5,3.7,3,2.4
2021-09-14,2.8,2,2,2.2,2.4,3.1,3.9,3.4,2.8,1.9,1.8,7,2.5,3.1,3.5,3.4,3.1,3.5,3.6,3.3,4.4,4.5,4.5,4.6
2021-09-15,2.1,1.6,1.5,2.3,2.1,2.4,2.8,2.7,1.7,1.8,2,1.3,1.1,.9,1.2,1.6,1.5,3.3,5.3,10.6,13.8,12.2,8.2,7.5
2021-09-16,5.2,4.9,4.3,3.5,2.9,3.5,5.6,6.3,6.4,6.7,5.2,3.1,2.2,2.6,2.9,2.9,2.8,3.6,9.1,9.4,9.3,9.1,5.9,8
2021-09-17,5.5,4.3,4,3.8,3.3,5.6,8.1,7.7,4.2,4.8,4.6,4.4,3.4,2.7,2.6,2.4,2.5,3.2,3.8,3.7,3.3,3,3.2,3.7
2021-09-18,3,2.3,2.9,3.3,2.3,1,.9,1.1,1.6,1,.9,1,.8,1,1,1,1.2,1.7,2.8,2.8,3.1,3.1,2.5,1.7
2021-09-19,1.5,1.5,1.5,1.3,1.3,1.2,1.1,1.1,2.2,.9,.7,1.1,1.3,1.1,1.3,1.6,1.5,2.1,5,11.7,12,8.9,7.7,5.9
2021-09-20,4.4,4.1,3.8,3,3.5,4.7,4.9,5.9,4.8,3.9,3,2.9,3,2.3,2.5,2.5,3.6,7,9.2,7.4,8.9,6.1,6.7,5.2
2021-09-21,2,1.6,2,2.8,4.5,6.1,7.4,11.6,4,2.4,2.4,2.3,2.7,3.2,3.6,5.1,4.3,4.3,4.2,3.7,2.6,2.7,2.3,2
2021-09-22,1.7,2.1,3.6,4.5,4.2,9.6,10.2,7,7.6,8.4,5,7.7,7.4,5.1,5.6,7.3,4.9,3.7,2.2,1.8,1.4,1.1,1.2,1.3
2021-09-23,1,1.1,1.4,1.5,2.3,4.2,5.2,5.2,5.9,4.7,3.6,3.9,5.6,3,3.8,3.1,2.4,2,2.5,2.3,2.3,2.4,2.8,2.2
2021-09-24,2.3,2.3,1.8,1.7,2.1,3.1,5,4,3.6,3.5,3.1,2.9,3.1,3,3.1,2.8,3.1,3.2,3.4,3.4,3.5,3.8,4,3.9
2021-09-25,2.8,3.8,3.4,3.4,4.7,5.5,8.6,8,6.7,4.3,2.6,2.1,2.1,2.1,2.3,2.1,2.8,4.4,4.6,5.3,3.7,3.5,3.4,1.3
2021-09-26,.8,.8,.7,1,.9,2.1,2.2,2.7,1.7,1.5,1.3,1.2,1.1,1.3,.9,1.1,1.1,1.5,2.9,3.6,3,2.5,3.3,7.5
2021-09-27,4.8,2.5,3,2.4,3.1,4.4,7.5,9.1,6.6,5.3,4.7,5.2,4.7,3.5,3.5,3.6,3.4,3.3,5,4.9,5.1,2.9,1.7,1.4
2021-09-28,1.4,1.4,1.5,1.5,1.5,2.9,4.6,3.4,2.1,1.8,1.7,1.4,.8,1,1.1,1.3,1.7,3.3,3.5,4.6,5.2,2.1,1.6,1.5
2021-09-29,1.3,1.3,1.8,3.3,6,4.8,5.1,6.8,4.9,2.1,1.3,1.5,1.9,1.6,1.8,1.8,2.5,2.7,5.2,7,4.8,2.1,1.7,1.7
2021-09-30,1.6,2.1,1.7,1.6,1.5,1.9,2.6,2.9,1.9,1.4,9999,9999,9999,1.6,1.6,1.5,1.2,2.4,5.3,8,8.9,2.9,1.7,2.5
2021-10-01,1.8,1.7,2.2,2.9,3.3,4.1,5.4,4.2,3,2.2,2.1,1.4,1.3,1.2,1.2,1.5,2.4,3.2,5.6,8.2,12.7,17.3,11.1,8
2021-10-02,4.1,3.7,4.5,4.5,3.9,5.6,5.4,5.6,5.2,4.5,4.9,4.1,2.9,3.2,3.5,3.6,3.6,3.6,3.5,3.2,3.3,3,2.7,2.5
2021-10-03,2.2,2.2,2.4,1.9,2.8,3.7,3.3,3.5,2.5,2.6,2.8,2.1,2.7,2.2,3,3.2,3.7,4,4.3,4.6,3.2,2.7,3.6,3.1
2021-10-04,4.1,3.1,2.5,2.6,1.6,2.3,2.8,2,1.7,2.1,1.9,1.6,2,1.8,2.3,2.2,2.4,2.8,3.6,3.8,5,4,3.1,4.3
2021-10-05,3.1,2.1,2.1,1.9,2.3,4.1,5.2,4.5,2.9,2.7,1.9,1.4,1.6,1.7,2.1,2.5,4.2,10.2,16.3,11.4,10.1,8.8,6.6,5.3
2021-10-06,4.2,2.8,3,3.1,2.9,3.6,6.1,5.6,4.6,5.1,7.8,8.4,6.7,3.4,3.4,4.1,4.3,7.9,23.7,18.7,12.4,8.4,9,7.6
2021-10-07,7.5,6.4,5.8,5,4,5.6,6.9,6.3,7.9,11.1,17.7,9.9,2.8,2.2,2.9,2.6,2.8,4,6.4,7.8,8.4,5.6,4.6,3.4
2021-10-08,3.2,2.5,2,1.9,2.5,5.2,8,9.6,7.8,5.8,3.1,3.7,3.1,1.9,1.7,2.1,2.4,3.8,4.9,8.2,7.5,5.3,4,3.6
2021-10-09,3.7,3.5,3.3,3.4,3,3.1,3.3,3,2.8,2.9,2.7,2.5,2.8,3.7,3.5,3.4,4.3,2.7,3,3.3,3.5,5.3,4.4,4
2021-10-10,3.1,2.2,1.9,1.6,1.8,2.2,2.3,2.8,2.8,3.6,3.2,3.7,2.1,1.5,1.9,3.1,3.1,6.4,9.3,9,3.9,4.4,3.8,3.7
2021-10-11,3.8,6.2,6.1,4,3.1,3.3,4.7,3,3.5,2,1.7,1.9,1.6,1.5,1.6,1.7,2.7,4.8,8.2,12.2,7.2,9.4,7.4,7.5
2021-10-12,5.4,4.6,4.1,4.4,7.6,7.2,9.5,11.5,10.3,7.9,4.7,2.8,2.4,3.1,2.9,3.7,5.3,11,19.2,22.4,25.8,23.3,14.6,10
2021-10-13,10.5,8,6.1,7.2,10,14.4,10.8,14.2,9.9,8.6,8.3,5.6,6.7,5.8,5,4.5,8.8,7.6,5.5,6,4.9,6.5,9.5,8.1
2021-10-14,3.2,3,2.2,1.8,2.2,2.7,5.3,7.3,5,4.3,3.8,3.7,4.5,3.9,3.4,2.8,6.3,13.2,14.6,12.3,9.4,11.3,9.7,12.7
2021-10-15,11.7,8.4,6.2,3.2,3.9,5,7.4,8.6,7.7,8.3,7.4,7.9,8.2,7.7,7.1,6,8,12,10.5,7,6.9,5,4.8,4.9
2021-10-16,4.4,5.1,7.1,6.6,6.6,6.9,6.5,6.4,7.8,4.6,2,2.2,1.7,1.7,1.8,1.6,1.7,1.5,1.2,1.2,1.1,1.2,1.1,1.2
2021-10-17,1.3,2.2,2,2.3,2.2,2.3,2.7,2.2,1.5,1.5,1.2,1.4,1.4,1.1,1.5,1.6,2.2,1.4,1.9,2.2,1.8,1.9,2.3,2
2021-10-18,2.1,1.8,1.9,1.2,1.1,1.6,1.6,2.1,1.6,1.3,1.3,1,1.1,1,1.3,1.2,1.5,1.7,2.5,2.2,1.8,1.2,1.3,.8
2021-10-19,1,1.7,1.6,1.7,2,3.6,5.2,7.3,4.7,4.2,4,3.1,4.3,3,1.9,2.2,4.3,6.4,6.8,11.5,17.1,12.7,6.8,4.1
2021-10-20,3.9,7.2,6,5.2,6,8.3,11.8,11.9,9.4,5,4.5,3.3,3.3,2.9,3,4.4,6.2,6.3,7.7,8.9,10.1,10.8,6.1,2.3
2021-10-21,1.4,1.7,1.6,1.8,1.9,3,5.3,10.1,11.7,6.6,6,7.3,6.8,7,7,7,9.5,10.3,7.7,7.2,7.9,7.3,8.3,8.1
2021-10-22,6.7,1.5,.6,.6,.6,.8,1.8,1.8,1.5,1.6,1.1,1.5,1.2,1.7,2.1,2,2.4,3.3,4.1,5.2,5.7,4.1,2.8,2.7
2021-10-23,2.8,3.4,3.2,2.8,3.3,3.9,4.3,4,3.9,2.1,1.4,1,.9,.9,1.2,2,3.1,5.2,5.9,10.1,18,18.4,17.2,11.6
2021-10-24,10,15.1,11.6,8.9,9,6.9,12.6,11.3,7.7,6.4,2.7,2.8,2.6,2.1,2.5,3.4,5.1,11,12.7,11,11,14.6,12,10.4
2021-10-25,7.9,2.7,4.2,3.6,2.6,4.5,5.3,5.4,4.4,4.8,4.5,4.4,3.6,2.3,2.1,2,1.9,1.9,2,1.6,1.7,1.7,1.5,1.5
2021-10-26,1.3,1.7,1.9,2.5,2.7,3.3,4.6,4.4,3,2.6,2.9,2.3,2.6,3.1,4,5.3,5,4.4,3.9,3.3,3.9,3.7,2.8,2.5
2021-10-27,2.8,3.6,3,2.1,2.8,5.4,10.1,10.7,5,3.7,3.4,2.8,1.8,1.6,1.6,1.9,3.8,4.1,8.8,8.4,9.6,6.8,5.5,3.6
2021-10-28,3.9,3.3,6.1,8.7,9,10.9,10.3,8.7,8.6,4.2,3.2,2.8,2.7,3,3.1,3.8,4.6,5.5,5.8,6.5,5.3,4.5,4.3,3.9
2021-10-29,3.3,3.3,3,3.2,3.1,4.9,7.8,6.3,4.8,3.7,3.7,2.8,2.5,2.6,2.5,3,4.1,4.9,4.7,4.3,4,5.5,6.7,4.2
2021-10-30,4.9,3.2,3.4,2.7,2.7,2.7,3.2,3.3,2.9,3,2.7,2.8,3.1,3.5,3.7,3.1,3.2,3.1,2.8,3,2.7,2.5,2.5,2.1
2021-10-31,2.2,2.4,2.1,1.7,2.2,2.9,3.8,6.6,6.4,4.9,3.4,2.6,1.9,1.8,1.8,2.1,2,2.1,1.7,2.5,4,3.6,3.3,4.3
2021-11-01,3.1,2.4,1.8,.6,.9,1.8,3.5,3.9,2.5,1.8,1.6,1.2,1.4,1.5,2.1,2.7,2.4,2.1,2.9,2.5,3.1,3,2.8,3.6
2021-11-02,3.8,4,6.5,5.9,3.9,5.7,16.5,16,10.9,7,4,3.3,2.7,2.9,3.7,5.5,5.6,3.7,6.8,10.6,5.7,4.2,4.6,4.3
2021-11-03,4.7,2.3,2.3,3.1,4,4.3,6.5,8,6.4,3.8,2.5,1.7,1.8,1.9,1.8,2.3,3.1,5.2,6.5,11.8,10.4,7.7,8.4,8.3
2021-11-04,6.6,7,6.7,5.3,7.1,6.6,10,9.2,9.5,11.5,6.7,6.9,2.4,1.6,2.3,3.1,4.2,7.4,6.8,19.6,27.8,25.6,25.3,25.9
2021-11-05,21.6,22.8,18.9,17.9,15.4,14.1,17.5,16.8,6.9,7.5,4.7,3.7,3.2,2.6,3,3.6,5,4.4,3.7,5.5,7.7,8.5,5.8,7.5
2021-11-06,8.1,9.6,14.1,23.4,16,13.4,19.5,15.6,11.8,7.7,5.8,4.7,4,3.5,3.7,4.3,7.1,10.3,8.3,6.7,7.5,9.8,11.8,12.5
2021-11-07,15.4,15.2,17,9.6,13.8,14.5,18.5,17.3,10.9,9.8,7.9,4.6,4.1,4.1,4.5,6.1,8.2,8.2,7.7,7.9,8.8,11.9,10.4,9.3
2021-11-08,8,9.7,9.3,11.6,17.9,21,11.8,12.5,18.8,22.3,17.9,6.3,4.7,3.7,4.9,5.5,7.4,9.9,7.3,8.7,9.3,10.4,11.1,8.7
2021-11-09,9.2,8.4,6,5.6,7.2,5.7,8.3,10.8,12.3,7,3.4,3.2,2.6,2.8,4.4,7,9.2,9.6,24.5,20.7,16.9,16.3,11,10.6
2021-11-10,9.1,12.2,8.5,8.3,6.8,7.9,8,9.9,6.4,4.4,3,2.7,2.7,2.6,2.5,4,5.4,10.1,12.1,20.7,21.7,21.8,18,11.2
2021-11-11,11,6,7.2,8.2,7.7,9,9.5,14.4,11.8,8.6,3.4,3.4,3.6,5.8,8.9,8,7.5,6.6,5.7,5.4,5.3,5,4.7,4.5
2021-11-12,4.3,4,3.9,3.8,3.8,4.1,4.8,6.3,10,9.8,12.5,14,6.5,3.4,3.8,4.3,6.8,14.9,10.5,10.3,14.6,15.1,9.5,9.2
2021-11-13,8,7.8,10.1,15.9,17.8,12.2,12.8,13.1,12.1,10.4,8.3,4.3,4.6,6.5,6.2,5.7,7.1,8.1,7.9,7,6.6,7.7,8.5,8.4
2021-11-14,8.8,3.5,2.8,1.5,1.5,2,2.3,3,2.8,1.9,2.4,1.5,1.6,2.2,4.1,5.6,6.1,6.9,5.8,5.3,4.2,4.5,4.9,4.3
2021-11-15,5.9,4.4,3.9,3.9,4,5.2,7.2,9.7,6.6,4.5,2.3,2.5,1.9,1.8,2.5,2.7,3.3,4.3,3.9,3.3,2.6,2.9,2.2,2.4
2021-11-16,2.5,2.8,2.5,2.5,1.9,2.2,4.4,6.4,5,2.6,1.7,1.6,1.6,1.8,2,2.7,2.9,3.8,6,9.8,7.8,6.6,8.2,18.6
2021-11-17,19.7,18.2,27.2,27.1,25.6,20.8,21.3,18,9.1,7.2,5.2,6.4,7.1,6.2,9.5,8.1,8.7,9.2,8.3,6.9,6.3,5.3,5.3,5.9
2021-11-18,5.7,5.8,5.9,6.9,7,9.9,11.2,9.9,14.4,15,17.2,13.9,10.6,12.8,16.4,15.4,9.1,8.3,6.6,4,4.1,3.8,2.9,4.7
2021-11-19,3.6,3.5,3,3.5,3.8,3.2,4.4,3.5,3.5,2.7,1.9,1.6,2.1,2.1,2.1,2.5,2.6,4.2,5,6.7,7.4,5.8,5.4,6.3
2021-11-20,7.8,9.4,10.3,14.3,21.2,22.9,24.4,24.1,22.1,16.8,13.4,9.3,6.5,6.7,7.9,10.3,11.4,13.8,14.9,13.7,12.7,13.7,9.8,8.4
2021-11-21,9.5,10.1,9.2,11.3,11.2,11.7,14.1,10.6,13.7,10.6,7.1,6.2,5.6,4.3,4.7,5.4,5.1,4.9,5.8,7.7,7.9,8.6,4.7,4.6
2021-11-22,4.3,4.6,4.8,6,4,1.9,3.1,3.2,3.5,2.2,1.9,1.9,1.9,2.5,3.4,3.7,3.4,4.4,4.9,5.3,5,4.1,3.7,3.3
2021-11-23,3.8,3.3,4.2,3.5,2.3,1.9,2.8,4.1,3.3,2.3,2.1,1.7,1.9,2,2.2,3.2,5,6,5.3,5.3,7,9.8,13.9,10.1
2021-11-24,10,10.8,12.8,23.3,25.6,27.7,29.1,29.5,23.4,18.6,9.3,6.5,5.3,5.4,6.5,9.6,12.8,14.9,13.4,11.2,12.5,18.7,20.6,12
2021-11-25,11.9,8.2,8.2,8.3,12.8,16,17.5,18.2,18.4,18.3,18.9,18.6,18.3,16.6,16.4,14.4,16.1,14,11.9,15.3,15.6,15.1,14.3,14.1
2021-11-26,15.3,18.4,19,19,18.5,18.2,17.8,17.4,15.3,10.9,5.4,3.8,3,2.8,2.4,2.4,2.2,1.8,1.3,1.3,1.4,1.2,1.3,1.2
2021-11-27,1.3,1.2,1.1,1.5,1.7,1.6,1.8,2.2,2.8,2.6,2.1,1.8,1.7,1.6,1.8,2.4,2.8,3.2,2.9,3.1,3.1,4.6,3.8,4.2
2021-11-28,6.6,2.2,3.4,3.2,3.1,5.3,6.8,5.4,4.3,2.5,2.3,4.1,7.3,5.1,4.7,5.9,7.7,9.3,10.8,8.9,9.7,15,8.7,4.8
2021-11-29,8.7,7.5,4.6,4.5,5.7,7.3,6.1,9.9,10,6.5,5.8,5.5,5.5,3.9,3.9,4.2,4.9,4.6,5.3,5.1,4.8,4.5,3.7,4.2
2021-11-30,5,5.1,6.5,10,9.6,11,10.8,14.9,17.3,16.9,15.6,15.5,11.9,12.1,13.3,13.9,12.5,13.3,14.6,17.8,14.1,11.3,14.1,10.9
2021-12-01,8.4,10.8,13.8,10.9,4.3,2.5,2.9,4.9,4.2,3.2,2.1,2.2,3.4,3.4,3.1,7.7,15.2,22.4,25.3,10.5,12.5,10,9.2,6.9
2021-12-02,7,6.7,8.3,5.3,4.6,4.9,7.1,16.4,13.2,6.9,7.7,9.5,10.4,9.7,8.8,9.1,5.7,3.6,3.1,2.8,2.1,1.6,1.6,1.3
2021-12-03,1,1.3,1.4,1.5,1.4,1.5,2,2.2,2.6,2.6,2.4,2.1,2,2.2,2.4,3.1,4.7,5.4,5.2,3.2,3.5,2.8,2.5,2.5
2021-12-04,2.4,3.2,3.9,5.1,6.6,14.8,22.4,21.3,10.6,8.2,10.4,7.6,6.7,7.9,6.2,9.2,13.5,14.6,11.1,16.8,27.6,28.3,24.5,22
2021-12-05,17.7,18.8,17.4,18,13.3,17.4,27.6,26.5,14.2,13.4,21.8,12,7.1,5.5,5.8,6.2,7.4,6.1,5.4,4.3,4,4.2,5.9,7.8
2021-12-06,5.7,4.7,4.7,5.3,5.4,6.6,8.9,12.3,13.8,18.4,16.4,17.7,25.7,26.8,26.4,11.1,6.4,6.1,6.2,5.4,7.2,6.4,5.4,2.3
2021-12-07,1.2,1.4,1.5,1.4,2.1,3.4,4.6,6.9,7,5.2,3.6,5.9,3.9,2.6,3.7,3.9,4.2,3,2.9,3.2,4.2,4.5,4.7,4.9
2021-12-08,5.8,7.7,6.5,6.6,7.3,6.4,6.1,7.3,8.6,7.6,8.6,8.7,9.3,10.5,10.7,11.9,11.1,10.4,9.3,8.6,8.6,7.4,9.6,8.7
2021-12-09,7.8,11.3,16.9,13.9,11.3,11.8,15.9,10.6,10.4,3.4,3,3,3.7,3.8,4.7,9.1,17.1,18.9,23.3,24.3,14.6,12.5,8.6,7.4
2021-12-10,5.7,6.5,6,7,8.8,9.1,8.5,9.3,10.8,11.9,10.3,11.5,10.9,11.3,14,18.3,19.3,19.6,16.3,12.5,11.5,12.8,15.9,16.2
2021-12-11,13.8,14,13.8,13,9.7,8.3,7.5,7.1,7.5,8.9,10.4,12.3,13.5,14.1,14,15,16.1,21.5,9.4,5.5,4.3,3.3,2.5,2.1
2021-12-12,1.6,1.6,1.8,2.8,2.8,5.2,7.1,8,7.6,5.3,2.9,3.3,2.9,2.7,4.2,5.6,8.6,9.7,8,8.6,8.4,9.3,8.3,7.4
2021-12-13,7.6,9.2,9.3,8.4,8.6,7.1,8.2,10.1,11.7,11.8,9.3,8,7.4,8.7,9.2,11.4,13.3,14.2,14.9,10.3,8.2,6.4,4.8,5.2
2021-12-14,5.9,4.1,4.7,5.4,6,3.2,6.1,11.4,6.8,2.9,2.3,3.1,2.3,2.2,2.7,5.2,10.1,14.9,18,19.8,24,23.5,22.2,15.9
2021-12-15,13.1,18.7,19.1,13.7,11.6,8.2,5.8,7.5,10.4,9.5,9.2,10.9,11.7,12.9,14.8,13.7,13.2,12.1,11.1,10.6,10.9,10.6,11.9,12.7
2021-12-16,11.5,12.5,13,12.9,11.1,13.6,16.1,17.4,18.7,17.4,12.7,12,11.1,7,7.1,7.2,6.5,5.9,5.3,4.7,5.1,4.5,3.9,2.6
2021-12-17,2.5,2.4,2.4,2.1,2.2,2.4,2.7,3.6,3.5,2.9,3,2.9,2.8,2.5,2.5,2.9,3.2,3.9,2.9,2.7,2.7,2.8,3.3,3.5
2021-12-18,2.4,3.4,4.4,2.9,3.3,3.3,2.7,2.6,2.7,2.9,4,3,3.4,4.3,5.2,4.9,6.5,5.3,3,3,4.6,6,6.5,3.8
2021-12-19,3.6,3.4,3.2,3.2,3.7,2.9,3.3,2.3,2.3,2.1,1.9,1.9,2.5,2,1.9,3.2,4.7,8.2,10.7,14.5,14.3,8.9,11,11.1
2021-12-20,10.7,15.9,22.1,23.6,29.5,33.2,29.5,25.3,21.3,15.9,16.2,15.9,13.8,16.6,14.1,16.9,17.5,18.1,18.2,22.1,18.4,10,9,9.2
2021-12-21,10.3,8.6,7.6,4,3.4,5.2,4.3,3.9,5.3,3.3,2.6,2.4,2,2.1,4.4,6,7,6.1,5.6,5.5,4.3,5.4,8,6.7
2021-12-22,5.1,4.8,5.5,5.3,5.5,6.1,9.2,10.8,12,12,23.5,27.9,15,7.4,5.8,4.4,2.8,3,3,2.6,2.1,2.7,2.6,2.7
2021-12-23,3,2.6,2.7,3.1,3.1,4.3,4.3,3.6,2.9,3,2.5,3.3,3.8,6.6,5.6,10.3,15.1,17.2,22.3,18.2,22.1,18.9,16.1,15
2021-12-24,12.1,10.1,10.6,9.1,8.2,8.4,9.8,12.3,13.3,10.3,8.8,7.3,7.8,9.2,13.3,12.3,13,14.5,11.2,9.7,10.8,14.5,14.7,14.8
2021-12-25,13.8,10.6,9.3,7.4,6,5.8,5.3,5.5,5.4,5.9,5.8,6.2,6.3,5.3,6.2,7.6,7.9,10.5,10.1,13,22,10.5,7.9,7.1
2021-12-26,7.9,6.1,5.9,6.1,7.1,6.9,8.2,5.9,5.3,4.5,4.6,4,3.6,3.9,2.3,2.4,2.1,2.4,2.5,2.2,2.5,2,2.3,3.5
2021-12-27,3,2.2,3,5,5.1,3.9,6.2,5.7,5,6,3.9,4.6,3.9,3.8,3.8,5.2,7,6.7,6,7.2,6.9,6.6,7.1,4.2
2021-12-28,4.2,4.3,4.5,4.6,5.6,6,14.9,21.2,19.7,21,20.4,11.4,10.4,5.3,5.3,7.3,7.5,7.1,8.2,8,11.2,9.4,5.4,5.2
2021-12-29,4.5,4.7,4.9,5.3,5.6,4.3,5.7,5.9,6.5,5.7,5.2,6.6,5.8,4.4,5.2,8,7.8,9.7,11,10.3,9,9.7,10,10
2021-12-30,9.2,9.5,9.4,8.5,9.5,10.1,10.9,12,12.1,9.4,9.9,9.4,11.2,11,11.2,13.8,20.7,22.9,24.9,19.9,21.2,25.1,26.3,25
2021-12-31,24.5,22.5,17.3,13,12.1,16.2,15,12.3,11,10.1,11.2,10.6,10.2,10.1,8.6,8,9.5,9.9,13.3,12.7,14.1,14.5,12,12.2
