hour,day,month,o3
1,1,1,28
2,1,1,23
3,1,1,21
4,1,1,18
5,1,1,14
6,1,1,6
7,1,1,6
8,1,1,5
9,1,1,4
10,1,1,7
11,1,1,10
12,1,1,16
13,1,1,18
14,1,1,20
15,1,1,21
16,1,1,20
17,1,1,20
18,1,1,20
19,1,1,22
20,1,1,23
21,1,1,26
22,1,1,27
23,1,1,28
24,1,1,30
1,2,1,30
2,2,1,28
3,2,1,27
4,2,1,25
5,2,1,28
6,2,1,28
7,2,1,25
8,2,1,25
9,2,1,26
10,2,1,24
11,2,1,26
12,2,1,28
13,2,1,30
14,2,1,29
15,2,1,29
16,2,1,27
17,2,1,23
18,2,1,19
19,2,1,22
20,2,1,25
21,2,1,26
22,2,1,24
23,2,1,24
24,2,1,13
1,3,1,4
2,3,1,10
3,3,1,3
4,3,1,1
5,3,1,3
6,3,1,12
7,3,1,18
8,3,1,19
9,3,1,16
10,3,1,23
11,3,1,27
12,3,1,26
13,3,1,26
14,3,1,27
15,3,1,28
16,3,1,28
17,3,1,26
18,3,1,23
19,3,1,25
20,3,1,22
21,3,1,22
22,3,1,23
23,3,1,23
24,3,1,23
1,4,1,23
2,4,1,25
3,4,1,24
4,4,1,21
5,4,1,20
6,4,1,21
7,4,1,18
8,4,1,17
9,4,1,17
10,4,1,19
11,4,1,21
12,4,1,22
13,4,1,21
14,4,1,20
15,4,1,21
16,4,1,20
17,4,1,18
18,4,1,18
19,4,1,22
20,4,1,20
21,4,1,17
22,4,1,15
23,4,1,18
24,4,1,20
1,5,1,18
2,5,1,21
3,5,1,18
4,5,1,14
5,5,1,14
6,5,1,19
7,5,1,19
8,5,1,18
9,5,1,19
10,5,1,21
11,5,1,23
12,5,1,25
13,5,1,25
14,5,1,24
15,5,1,23
16,5,1,23
17,5,1,18
18,5,1,15
19,5,1,16
20,5,1,15
21,5,1,12
22,5,1,11
23,5,1,16
24,5,1,17
1,6,1,17
2,6,1,13
3,6,1,14
4,6,1,16
5,6,1,20
6,6,1,27
7,6,1,26
8,6,1,27
9,6,1,26
10,6,1,25
11,6,1,25
12,6,1,26
13,6,1,27
14,6,1,28
15,6,1,28
16,6,1,28
17,6,1,27
18,6,1,25
19,6,1,27
20,6,1,28
21,6,1,29
22,6,1,30
23,6,1,32
24,6,1,32
1,7,1,32
2,7,1,32
3,7,1,31
4,7,1,29
5,7,1,29
6,7,1,28
7,7,1,28
8,7,1,27
9,7,1,28
10,7,1,28
11,7,1,28
12,7,1,27
13,7,1,27
14,7,1,28
15,7,1,27
16,7,1,28
17,7,1,27
18,7,1,27
19,7,1,28
20,7,1,27
21,7,1,28
22,7,1,28
23,7,1,29
24,7,1,30
1,8,1,29
2,8,1,29
3,8,1,29
4,8,1,30
5,8,1,29
6,8,1,28
7,8,1,28
8,8,1,27
9,8,1,26
10,8,1,28
11,8,1,29
12,8,1,29
13,8,1,30
14,8,1,31
15,8,1,32
16,8,1,32
17,8,1,32
18,8,1,30
19,8,1,28
20,8,1,30
21,8,1,30
22,8,1,31
23,8,1,34
24,8,1,34
1,9,1,34
2,9,1,35
3,9,1,34
4,9,1,34
5,9,1,33
6,9,1,33
7,9,1,33
8,9,1,31
9,9,1,32
10,9,1,32
11,9,1,33
12,9,1,33
13,9,1,32
14,9,1,33
15,9,1,33
16,9,1,32
17,9,1,31
18,9,1,31
19,9,1,31
20,9,1,31
21,9,1,30
22,9,1,28
23,9,1,27
24,9,1,29
1,10,1,30
2,10,1,29
3,10,1,28
4,10,1,26
5,10,1,26
6,10,1,25
7,10,1,22
8,10,1,23
9,10,1,22
10,10,1,25
11,10,1,26
12,10,1,26
13,10,1,25
14,10,1,25
15,10,1,24
16,10,1,22
17,10,1,20
18,10,1,20
19,10,1,16
20,10,1,15
21,10,1,14
22,10,1,6
23,10,1,4
24,10,1,5
1,11,1,6
2,11,1,10
3,11,1,13
4,11,1,13
5,11,1,12
6,11,1,11
7,11,1,5
8,11,1,1
9,11,1,2
10,11,1,7
11,11,1,13
12,11,1,12
13,11,1,14
14,11,1,15
15,11,1,22
16,11,1,25
17,11,1,23
18,11,1,18
19,11,1,17
20,11,1,20
21,11,1,20
22,11,1,17
23,11,1,17
24,11,1,22
1,12,1,22
2,12,1,23
3,12,1,24
4,12,1,23
5,12,1,23
6,12,1,24
7,12,1,23
8,12,1,22
9,12,1,18
10,12,1,19
11,12,1,18
12,12,1,23
13,12,1,25
14,12,1,24
15,12,1,25
16,12,1,22
17,12,1,18
18,12,1,19
19,12,1,21
20,12,1,19
21,12,1,22
22,12,1,20
23,12,1,20
24,12,1,20
1,13,1,19
2,13,1,17
3,13,1,16
4,13,1,13
5,13,1,10
6,13,1,9
7,13,1,6
8,13,1,4
9,13,1,3
10,13,1,5
11,13,1,5
12,13,1,8
13,13,1,11
14,13,1,10
15,13,1,8
16,13,1,9
17,13,1,7
18,13,1,12
19,13,1,15
20,13,1,15
21,13,1,14
22,13,1,12
23,13,1,8
24,13,1,9
1,14,1,9
2,14,1,9
3,14,1,12
4,14,1,11
5,14,1,9
6,14,1,1
7,14,1,0
8,14,1,0
9,14,1,1
10,14,1,5
11,14,1,7
12,14,1,13
13,14,1,16
14,14,1,16
15,14,1,16
16,14,1,16
17,14,1,13
18,14,1,11
19,14,1,12
20,14,1,9
21,14,1,10
22,14,1,10
23,14,1,9
24,14,1,10
1,15,1,11
2,15,1,10
3,15,1,8
4,15,1,9
5,15,1,8
6,15,1,11
7,15,1,12
8,15,1,12
9,15,1,11
10,15,1,12
11,15,1,16
12,15,1,18
13,15,1,20
14,15,1,23
15,15,1,21
16,15,1,21
17,15,1,20
18,15,1,17
19,15,1,17
20,15,1,17
21,15,1,18
22,15,1,20
23,15,1,20
24,15,1,20
1,16,1,21
2,16,1,21
3,16,1,22
4,16,1,23
5,16,1,23
6,16,1,24
7,16,1,21
8,16,1,20
9,16,1,21
10,16,1,23
11,16,1,25
12,16,1,26
13,16,1,26
14,16,1,26
15,16,1,22
16,16,1,21
17,16,1,15
18,16,1,10
19,16,1,8
20,16,1,8
21,16,1,11
22,16,1,14
23,16,1,16
24,16,1,19
1,17,1,20
2,17,1,18
3,17,1,16
4,17,1,17
5,17,1,17
6,17,1,18
7,17,1,18
8,17,1,17
9,17,1,17
10,17,1,18
11,17,1,20
12,17,1,23
13,17,1,25
14,17,1,26
15,17,1,26
16,17,1,26
17,17,1,26
18,17,1,26
19,17,1,26
20,17,1,26
21,17,1,27
22,17,1,27
23,17,1,28
24,17,1,28
1,18,1,27
2,18,1,26
3,18,1,24
4,18,1,24
5,18,1,24
6,18,1,28
7,18,1,27
8,18,1,27
9,18,1,27
10,18,1,28
11,18,1,31
12,18,1,31
13,18,1,31
14,18,1,31
15,18,1,32
16,18,1,33
17,18,1,30
18,18,1,27
19,18,1,26
20,18,1,25
21,18,1,24
22,18,1,27
23,18,1,25
24,18,1,24
1,19,1,22
2,19,1,18
3,19,1,18
4,19,1,21
5,19,1,19
6,19,1,17
7,19,1,15
8,19,1,11
9,19,1,4
10,19,1,13
11,19,1,20
12,19,1,20
13,19,1,26
14,19,1,24
15,19,1,26
16,19,1,26
17,19,1,24
18,19,1,26
19,19,1,25
20,19,1,22
21,19,1,21
22,19,1,18
23,19,1,22
24,19,1,18
1,20,1,18
2,20,1,16
3,20,1,17
4,20,1,17
5,20,1,16
6,20,1,11
7,20,1,14
8,20,1,18
9,20,1,24
10,20,1,26
11,20,1,27
12,20,1,28
13,20,1,30
14,20,1,31
15,20,1,31
16,20,1,31
17,20,1,30
18,20,1,29
19,20,1,29
20,20,1,26
21,20,1,24
22,20,1,25
23,20,1,12
24,20,1,16
1,21,1,15
2,21,1,24
3,21,1,25
4,21,1,25
5,21,1,26
6,21,1,24
7,21,1,23
8,21,1,22
9,21,1,21
10,21,1,22
11,21,1,22
12,21,1,20
13,21,1,19
14,21,1,20
15,21,1,18
16,21,1,17
17,21,1,15
18,21,1,11
19,21,1,12
20,21,1,14
21,21,1,16
22,21,1,16
23,21,1,5
24,21,1,0
1,22,1,0
2,22,1,6
3,22,1,12
4,22,1,15
5,22,1,18
6,22,1,20
7,22,1,18
8,22,1,17
9,22,1,22
10,22,1,21
11,22,1,23
12,22,1,24
13,22,1,26
14,22,1,26
15,22,1,26
16,22,1,26
17,22,1,25
18,22,1,24
19,22,1,26
20,22,1,27
21,22,1,26
22,22,1,30
23,22,1,30
24,22,1,30
1,23,1,29
2,23,1,29
3,23,1,29
4,23,1,29
5,23,1,29
6,23,1,30
7,23,1,31
8,23,1,32
9,23,1,32
10,23,1,32
11,23,1,32
12,23,1,32
13,23,1,32
14,23,1,32
15,23,1,32
16,23,1,32
17,23,1,31
18,23,1,29
19,23,1,29
20,23,1,29
21,23,1,31
22,23,1,31
23,23,1,31
24,23,1,32
1,24,1,31
2,24,1,30
3,24,1,31
4,24,1,31
5,24,1,30
6,24,1,29
7,24,1,28
8,24,1,29
9,24,1,29
10,24,1,30
11,24,1,32
12,24,1,33
13,24,1,34
14,24,1,35
15,24,1,35
16,24,1,35
17,24,1,34
18,24,1,32
19,24,1,31
20,24,1,31
21,24,1,29
22,24,1,25
23,24,1,25
24,24,1,17
1,25,1,12
2,25,1,12
3,25,1,19
4,25,1,23
5,25,1,26
6,25,1,17
7,25,1,4
8,25,1,3
9,25,1,3
10,25,1,6
11,25,1,17
12,25,1,17
13,25,1,22
14,25,1,25
15,25,1,19
16,25,1,22
17,25,1,22
18,25,1,23
19,25,1,24
20,25,1,23
21,25,1,20
22,25,1,21
23,25,1,17
24,25,1,20
1,26,1,16
2,26,1,17
3,26,1,14
4,26,1,16
5,26,1,20
6,26,1,18
7,26,1,19
8,26,1,19
9,26,1,20
10,26,1,25
11,26,1,29
12,26,1,29
13,26,1,31
14,26,1,32
15,26,1,32
16,26,1,33
17,26,1,33
18,26,1,32
19,26,1,34
20,26,1,35
21,26,1,35
22,26,1,35
23,26,1,35
24,26,1,34
1,27,1,33
2,27,1,33
3,27,1,32
4,27,1,30
5,27,1,27
6,27,1,24
7,27,1,24
8,27,1,23
9,27,1,27
10,27,1,28
11,27,1,29
12,27,1,31
13,27,1,33
14,27,1,33
15,27,1,34
16,27,1,32
17,27,1,29
18,27,1,28
19,27,1,28
20,27,1,27
21,27,1,28
22,27,1,30
23,27,1,31
24,27,1,30
1,28,1,29
2,28,1,29
3,28,1,29
4,28,1,29
5,28,1,30
6,28,1,28
7,28,1,24
8,28,1,19
9,28,1,24
10,28,1,25
11,28,1,26
12,28,1,27
13,28,1,30
14,28,1,31
15,28,1,31
16,28,1,31
17,28,1,30
18,28,1,29
19,28,1,31
20,28,1,33
21,28,1,33
22,28,1,31
23,28,1,31
24,28,1,30
1,29,1,30
2,29,1,30
3,29,1,29
4,29,1,30
5,29,1,29
6,29,1,27
7,29,1,28
8,29,1,28
9,29,1,29
10,29,1,30
11,29,1,31
12,29,1,31
13,29,1,32
14,29,1,33
15,29,1,33
16,29,1,33
17,29,1,32
18,29,1,32
19,29,1,32
20,29,1,29
21,29,1,28
22,29,1,29
23,29,1,27
24,29,1,23
1,30,1,25
2,30,1,27
3,30,1,26
4,30,1,26
5,30,1,25
6,30,1,26
7,30,1,25
8,30,1,25
9,30,1,29
10,30,1,32
11,30,1,33
12,30,1,33
13,30,1,34
14,30,1,34
15,30,1,34
16,30,1,33
17,30,1,32
18,30,1,31
19,30,1,29
20,30,1,24
21,30,1,21
22,30,1,15
23,30,1,15
24,30,1,16
1,31,1,16
2,31,1,11
3,31,1,9
4,31,1,18
5,31,1,18
6,31,1,20
7,31,1,18
8,31,1,18
9,31,1,21
10,31,1,26
11,31,1,29
12,31,1,31
13,31,1,31
14,31,1,31
15,31,1,33
16,31,1,33
17,31,1,31
18,31,1,25
19,31,1,24
20,31,1,25
21,31,1,20
22,31,1,23
23,31,1,23
24,31,1,15
1,1,2,9
2,1,2,3
3,1,2,8
4,1,2,5
5,1,2,11
6,1,2,5
7,1,2,8
8,1,2,11
9,1,2,14
10,1,2,21
11,1,2,24
12,1,2,29
13,1,2,33
14,1,2,33
15,1,2,34
16,1,2,34
17,1,2,33
18,1,2,30
19,1,2,14
20,1,2,20
21,1,2,19
22,1,2,12
23,1,2,13
24,1,2,16
1,2,2,11
2,2,2,15
3,2,2,25
4,2,2,18
5,2,2,21
6,2,2,24
7,2,2,24
8,2,2,25
9,2,2,25
10,2,2,25
11,2,2,27
12,2,2,27
13,2,2,32
14,2,2,36
15,2,2,32
16,2,2,32
17,2,2,32
18,2,2,36
19,2,2,39
20,2,2,39
21,2,2,39
22,2,2,40
23,2,2,41
24,2,2,41
1,3,2,41
2,3,2,40
3,3,2,40
4,3,2,40
5,3,2,40
6,3,2,39
7,3,2,39
8,3,2,38
9,3,2,37
10,3,2,38
11,3,2,39
12,3,2,39
13,3,2,39
14,3,2,40
15,3,2,41
16,3,2,42
17,3,2,40
18,3,2,39
19,3,2,40
20,3,2,40
21,3,2,41
22,3,2,40
23,3,2,40
24,3,2,40
1,4,2,41
2,4,2,40
3,4,2,40
4,4,2,38
5,4,2,37
6,4,2,37
7,4,2,36
8,4,2,26
9,4,2,36
10,4,2,37
11,4,2,38
12,4,2,39
13,4,2,36
14,4,2,32
15,4,2,34
16,4,2,31
17,4,2,32
18,4,2,32
19,4,2,29
20,4,2,16
21,4,2,3
22,4,2,6
23,4,2,10
24,4,2,15
1,5,2,9
2,5,2,19
3,5,2,15
4,5,2,15
5,5,2,21
6,5,2,28
7,5,2,32
8,5,2,32
9,5,2,30
10,5,2,29
11,5,2,26
12,5,2,22
13,5,2,18
14,5,2,15
15,5,2,17
16,5,2,21
17,5,2,25
18,5,2,26
19,5,2,26
20,5,2,26
21,5,2,26
22,5,2,25
23,5,2,26
24,5,2,25
1,6,2,23
2,6,2,22
3,6,2,21
4,6,2,21
5,6,2,20
6,6,2,19
7,6,2,18
8,6,2,21
9,6,2,24
10,6,2,25
11,6,2,29
12,6,2,31
13,6,2,32
14,6,2,32
15,6,2,32
16,6,2,32
17,6,2,31
18,6,2,31
19,6,2,31
20,6,2,31
21,6,2,30
22,6,2,30
23,6,2,29
24,6,2,29
1,7,2,27
2,7,2,23
3,7,2,29
4,7,2,24
5,7,2,27
6,7,2,24
7,7,2,22
8,7,2,25
9,7,2,28
10,7,2,27
11,7,2,27
12,7,2,28
13,7,2,26
14,7,2,27
15,7,2,31
16,7,2,34
17,7,2,33
18,7,2,27
19,7,2,32
20,7,2,37
21,7,2,36
22,7,2,35
23,7,2,34
24,7,2,33
1,8,2,33
2,8,2,32
3,8,2,30
4,8,2,29
5,8,2,27
6,8,2,26
7,8,2,23
8,8,2,21
9,8,2,22
10,8,2,23
11,8,2,28
12,8,2,31
13,8,2,33
14,8,2,32
15,8,2,34
16,8,2,34
17,8,2,33
18,8,2,29
19,8,2,28
20,8,2,22
21,8,2,15
22,8,2,15
23,8,2,12
24,8,2,5
1,9,2,12
2,9,2,15
3,9,2,13
4,9,2,17
5,9,2,24
6,9,2,21
7,9,2,16
8,9,2,23
9,9,2,24
10,9,2,27
11,9,2,28
12,9,2,29
13,9,2,32
14,9,2,34
15,9,2,33
16,9,2,31
17,9,2,31
18,9,2,27
19,9,2,26
20,9,2,24
21,9,2,22
22,9,2,16
23,9,2,10
24,9,2,12
1,10,2,14
2,10,2,27
3,10,2,34
4,10,2,34
5,10,2,31
6,10,2,33
7,10,2,30
8,10,2,28
9,10,2,29
10,10,2,34
11,10,2,37
12,10,2,38
13,10,2,39
14,10,2,40
15,10,2,40
16,10,2,39
17,10,2,39
18,10,2,35
19,10,2,30
20,10,2,30
21,10,2,28
22,10,2,21
23,10,2,23
24,10,2,22
1,11,2,26
2,11,2,28
3,11,2,26
4,11,2,25
5,11,2,19
6,11,2,17
7,11,2,26
8,11,2,27
9,11,2,30
10,11,2,33
11,11,2,34
12,11,2,35
13,11,2,35
14,11,2,36
15,11,2,36
16,11,2,35
17,11,2,34
18,11,2,33
19,11,2,32
20,11,2,33
21,11,2,32
22,11,2,33
23,11,2,32
24,11,2,31
1,12,2,31
2,12,2,30
3,12,2,30
4,12,2,30
5,12,2,29
6,12,2,28
7,12,2,28
8,12,2,27
9,12,2,29
10,12,2,31
11,12,2,32
12,12,2,32
13,12,2,34
14,12,2,35
15,12,2,33
16,12,2,33
17,12,2,31
18,12,2,30
19,12,2,28
20,12,2,25
21,12,2,23
22,12,2,27
23,12,2,29
24,12,2,29
1,13,2,30
2,13,2,30
3,13,2,31
4,13,2,32
5,13,2,30
6,13,2,29
7,13,2,30
8,13,2,29
9,13,2,31
10,13,2,32
11,13,2,32
12,13,2,32
13,13,2,30
14,13,2,32
15,13,2,33
16,13,2,30
17,13,2,28
18,13,2,27
19,13,2,26
20,13,2,30
21,13,2,30
22,13,2,27
23,13,2,28
24,13,2,30
1,14,2,29
2,14,2,28
3,14,2,28
4,14,2,25
5,14,2,26
6,14,2,25
7,14,2,25
8,14,2,22
9,14,2,24
10,14,2,25
11,14,2,27
12,14,2,32
13,14,2,34
14,14,2,34
15,14,2,36
16,14,2,36
17,14,2,34
18,14,2,33
19,14,2,29
20,14,2,29
21,14,2,27
22,14,2,14
23,14,2,4
24,14,2,10
1,15,2,10
2,15,2,15
3,15,2,19
4,15,2,13
5,15,2,12
6,15,2,17
7,15,2,23
8,15,2,25
9,15,2,26
10,15,2,26
11,15,2,28
12,15,2,32
13,15,2,33
14,15,2,36
15,15,2,37
16,15,2,36
17,15,2,36
18,15,2,34
19,15,2,32
20,15,2,30
21,15,2,32
22,15,2,28
23,15,2,30
24,15,2,31
1,16,2,31
2,16,2,32
3,16,2,33
4,16,2,31
5,16,2,31
6,16,2,31
7,16,2,29
8,16,2,27
9,16,2,27
10,16,2,28
11,16,2,28
12,16,2,29
13,16,2,29
14,16,2,28
15,16,2,28
16,16,2,28
17,16,2,29
18,16,2,28
19,16,2,28
20,16,2,28
21,16,2,29
22,16,2,29
23,16,2,31
24,16,2,29
1,17,2,31
2,17,2,30
3,17,2,30
4,17,2,29
5,17,2,29
6,17,2,27
7,17,2,27
8,17,2,24
9,17,2,25
10,17,2,26
11,17,2,28
12,17,2,30
13,17,2,29
14,17,2,31
15,17,2,32
16,17,2,33
17,17,2,31
18,17,2,25
19,17,2,16
20,17,2,13
21,17,2,2
22,17,2,1
23,17,2,1
24,17,2,8
1,18,2,6
2,18,2,1
3,18,2,0
4,18,2,0
5,18,2,0
6,18,2,0
7,18,2,0
8,18,2,4
9,18,2,10
10,18,2,14
11,18,2,14
12,18,2,22
13,18,2,31
14,18,2,32
15,18,2,34
16,18,2,35
17,18,2,34
18,18,2,29
19,18,2,24
20,18,2,6
21,18,2,10
22,18,2,22
23,18,2,32
24,18,2,32
1,19,2,26
2,19,2,28
3,19,2,23
4,19,2,28
5,19,2,26
6,19,2,17
7,19,2,15
8,19,2,18
9,19,2,23
10,19,2,29
11,19,2,33
12,19,2,37
13,19,2,36
14,19,2,36
15,19,2,36
16,19,2,34
17,19,2,35
18,19,2,33
19,19,2,33
20,19,2,29
21,19,2,29
22,19,2,35
23,19,2,32
24,19,2,28
1,20,2,27
2,20,2,28
3,20,2,28
4,20,2,30
5,20,2,31
6,20,2,30
7,20,2,29
8,20,2,28
9,20,2,28
10,20,2,30
11,20,2,33
12,20,2,37
13,20,2,39
14,20,2,40
15,20,2,40
16,20,2,39
17,20,2,39
18,20,2,38
19,20,2,36
20,20,2,38
21,20,2,36
22,20,2,32
23,20,2,32
24,20,2,32
1,21,2,33
2,21,2,32
3,21,2,30
4,21,2,24
5,21,2,24
6,21,2,24
7,21,2,24
8,21,2,25
9,21,2,27
10,21,2,24
11,21,2,26
12,21,2,34
13,21,2,37
14,21,2,41
15,21,2,41
16,21,2,40
17,21,2,39
18,21,2,34
19,21,2,30
20,21,2,32
21,21,2,32
22,21,2,34
23,21,2,27
24,21,2,28
1,22,2,28
2,22,2,33
3,22,2,34
4,22,2,32
5,22,2,31
6,22,2,31
7,22,2,28
8,22,2,30
9,22,2,32
10,22,2,34
11,22,2,36
12,22,2,35
13,22,2,35
14,22,2,36
15,22,2,36
16,22,2,35
17,22,2,32
18,22,2,31
19,22,2,30
20,22,2,31
21,22,2,27
22,22,2,29
23,22,2,27
24,22,2,21
1,23,2,16
2,23,2,41
3,23,2,46
4,23,2,40
5,23,2,39
6,23,2,41
7,23,2,36
8,23,2,32
9,23,2,36
10,23,2,38
11,23,2,37
12,23,2,36
13,23,2,37
14,23,2,41
15,23,2,38
16,23,2,34
17,23,2,36
18,23,2,33
19,23,2,32
20,23,2,31
21,23,2,28
22,23,2,29
23,23,2,27
24,23,2,29
1,24,2,30
2,24,2,31
3,24,2,29
4,24,2,30
5,24,2,28
6,24,2,29
7,24,2,22
8,24,2,23
9,24,2,25
10,24,2,26
11,24,2,26
12,24,2,27
13,24,2,29
14,24,2,29
15,24,2,27
16,24,2,28
17,24,2,29
18,24,2,32
19,24,2,35
20,24,2,35
21,24,2,29
22,24,2,28
23,24,2,33
24,24,2,37
1,25,2,36
2,25,2,38
3,25,2,37
4,25,2,33
5,25,2,31
6,25,2,32
7,25,2,29
8,25,2,25
9,25,2,30
10,25,2,32
11,25,2,31
12,25,2,34
13,25,2,34
14,25,2,35
15,25,2,36
16,25,2,36
17,25,2,37
18,25,2,35
19,25,2,31
20,25,2,30
21,25,2,27
22,25,2,28
23,25,2,32
24,25,2,33
1,26,2,31
2,26,2,29
3,26,2,25
4,26,2,22
5,26,2,12
6,26,2,4
7,26,2,7
8,26,2,7
9,26,2,10
10,26,2,21
11,26,2,36
12,26,2,37
13,26,2,39
14,26,2,40
15,26,2,40
16,26,2,40
17,26,2,40
18,26,2,39
19,26,2,33
20,26,2,32
21,26,2,29
22,26,2,25
23,26,2,32
24,26,2,30
1,27,2,24
2,27,2,31
3,27,2,32
4,27,2,33
5,27,2,30
6,27,2,27
7,27,2,30
8,27,2,29
9,27,2,27
10,27,2,26
11,27,2,26
12,27,2,28
13,27,2,30
14,27,2,25
15,27,2,27
16,27,2,26
17,27,2,38
18,27,2,40
19,27,2,37
20,27,2,31
21,27,2,30
22,27,2,33
23,27,2,31
24,27,2,31
1,28,2,22
2,28,2,7
3,28,2,4
4,28,2,3
5,28,2,2
6,28,2,1
7,28,2,0
8,28,2,4
9,28,2,11
10,28,2,14
11,28,2,18
12,28,2,22
13,28,2,29
14,28,2,35
15,28,2,41
16,28,2,43
17,28,2,44
18,28,2,42
19,28,2,41
20,28,2,39
21,28,2,37
22,28,2,37
23,28,2,35
24,28,2,29
1,1,3,29
2,1,3,37
3,1,3,32
4,1,3,29
5,1,3,29
6,1,3,28
7,1,3,29
8,1,3,32
9,1,3,34
10,1,3,36
11,1,3,30
12,1,3,29
13,1,3,32
14,1,3,32
15,1,3,32
16,1,3,32
17,1,3,33
18,1,3,35
19,1,3,34
20,1,3,34
21,1,3,36
22,1,3,36
23,1,3,35
24,1,3,36
1,2,3,37
2,2,3,35
3,2,3,35
4,2,3,35
5,2,3,35
6,2,3,34
7,2,3,32
8,2,3,32
9,2,3,33
10,2,3,34
11,2,3,34
12,2,3,35
13,2,3,36
14,2,3,37
15,2,3,38
16,2,3,38
17,2,3,37
18,2,3,35
19,2,3,28
20,2,3,28
21,2,3,32
22,2,3,28
23,2,3,27
24,2,3,26
1,3,3,23
2,3,3,19
3,3,3,14
4,3,3,5
5,3,3,11
6,3,3,8
7,3,3,15
8,3,3,12
9,3,3,18
10,3,3,16
11,3,3,25
12,3,3,33
13,3,3,36
14,3,3,35
15,3,3,37
16,3,3,37
17,3,3,36
18,3,3,35
19,3,3,32
20,3,3,30
21,3,3,29
22,3,3,31
23,3,3,35
24,3,3,36
1,4,3,36
2,4,3,36
3,4,3,37
4,4,3,36
5,4,3,35
6,4,3,33
7,4,3,35
8,4,3,34
9,4,3,34
10,4,3,35
11,4,3,35
12,4,3,34
13,4,3,32
14,4,3,33
15,4,3,33
16,4,3,35
17,4,3,34
18,4,3,33
19,4,3,33
20,4,3,33
21,4,3,34
22,4,3,34
23,4,3,35
24,4,3,34
1,5,3,32
2,5,3,30
3,5,3,30
4,5,3,31
5,5,3,31
6,5,3,29
7,5,3,29
8,5,3,29
9,5,3,32
10,5,3,34
11,5,3,36
12,5,3,37
13,5,3,39
14,5,3,39
15,5,3,39
16,5,3,39
17,5,3,39
18,5,3,37
19,5,3,37
20,5,3,35
21,5,3,36
22,5,3,36
23,5,3,35
24,5,3,34
1,6,3,35
2,6,3,34
3,6,3,34
4,6,3,34
5,6,3,34
6,6,3,34
7,6,3,35
8,6,3,36
9,6,3,36
10,6,3,36
11,6,3,36
12,6,3,36
13,6,3,36
14,6,3,37
15,6,3,37
16,6,3,37
17,6,3,36
18,6,3,36
19,6,3,34
20,6,3,34
21,6,3,33
22,6,3,33
23,6,3,33
24,6,3,31
1,7,3,31
2,7,3,33
3,7,3,33
4,7,3,33
5,7,3,32
6,7,3,31
7,7,3,31
8,7,3,30
9,7,3,30
10,7,3,30
11,7,3,30
12,7,3,32
13,7,3,33
14,7,3,35
15,7,3,37
16,7,3,37
17,7,3,37
18,7,3,36
19,7,3,33
20,7,3,30
21,7,3,24
22,7,3,24
23,7,3,24
24,7,3,12
1,8,3,12
2,8,3,12
3,8,3,17
4,8,3,17
5,8,3,10
6,8,3,8
7,8,3,7
8,8,3,8
9,8,3,17
10,8,3,18
11,8,3,18
12,8,3,32
13,8,3,34
14,8,3,36
15,8,3,36
16,8,3,34
17,8,3,35
18,8,3,33
19,8,3,34
20,8,3,33
21,8,3,30
22,8,3,28
23,8,3,28
24,8,3,26
1,9,3,24
2,9,3,21
3,9,3,28
4,9,3,27
5,9,3,26
6,9,3,16
7,9,3,18
8,9,3,21
9,9,3,25
10,9,3,33
11,9,3,36
12,9,3,39
13,9,3,40
14,9,3,40
15,9,3,40
16,9,3,40
17,9,3,39
18,9,3,36
19,9,3,31
20,9,3,30
21,9,3,12
22,9,3,0
23,9,3,0
24,9,3,0
1,10,3,0
2,10,3,6
3,10,3,0
4,10,3,6
5,10,3,4
6,10,3,9
7,10,3,16
8,10,3,16
9,10,3,21
10,10,3,28
11,10,3,34
12,10,3,39
13,10,3,43
14,10,3,45
15,10,3,47
16,10,3,47
17,10,3,44
18,10,3,41
19,10,3,36
20,10,3,37
21,10,3,30
22,10,3,23
23,10,3,29
24,10,3,48
1,11,3,50
2,11,3,47
3,11,3,44
4,11,3,42
5,11,3,42
6,11,3,42
7,11,3,42
8,11,3,40
9,11,3,40
10,11,3,38
11,11,3,42
12,11,3,48
13,11,3,53
14,11,3,54
15,11,3,55
16,11,3,53
17,11,3,50
18,11,3,47
19,11,3,45
20,11,3,45
21,11,3,44
22,11,3,42
23,11,3,39
24,11,3,39
1,12,3,38
2,12,3,39
3,12,3,39
4,12,3,38
5,12,3,38
6,12,3,37
7,12,3,35
8,12,3,34
9,12,3,34
10,12,3,36
11,12,3,36
12,12,3,37
13,12,3,38
14,12,3,39
15,12,3,39
16,12,3,39
17,12,3,39
18,12,3,42
19,12,3,41
20,12,3,35
21,12,3,36
22,12,3,37
23,12,3,34
24,12,3,33
1,13,3,33
2,13,3,32
3,13,3,32
4,13,3,32
5,13,3,32
6,13,3,32
7,13,3,31
8,13,3,31
9,13,3,31
10,13,3,32
11,13,3,32
12,13,3,33
13,13,3,35
14,13,3,36
15,13,3,36
16,13,3,36
17,13,3,35
18,13,3,33
19,13,3,37
20,13,3,36
21,13,3,36
22,13,3,36
23,13,3,35
24,13,3,35
1,14,3,34
2,14,3,36
3,14,3,-999
4,14,3,-999
5,14,3,40
6,14,3,40
7,14,3,41
8,14,3,41
9,14,3,40
10,14,3,41
11,14,3,43
12,14,3,42
13,14,3,42
14,14,3,43
15,14,3,43
16,14,3,42
17,14,3,42
18,14,3,42
19,14,3,40
20,14,3,39
21,14,3,38
22,14,3,38
23,14,3,38
24,14,3,38
1,15,3,38
2,15,3,39
3,15,3,38
4,15,3,38
5,15,3,37
6,15,3,37
7,15,3,36
8,15,3,35
9,15,3,36
10,15,3,36
11,15,3,37
12,15,3,38
13,15,3,38
14,15,3,38
15,15,3,38
16,15,3,38
17,15,3,37
18,15,3,36
19,15,3,34
20,15,3,33
21,15,3,32
22,15,3,29
23,15,3,22
24,15,3,16
1,16,3,11
2,16,3,13
3,16,3,15
4,16,3,1
5,16,3,0
6,16,3,2
7,16,3,6
8,16,3,9
9,16,3,13
10,16,3,17
11,16,3,22
12,16,3,28
13,16,3,32
14,16,3,40
15,16,3,41
16,16,3,41
17,16,3,39
18,16,3,36
19,16,3,31
20,16,3,28
21,16,3,14
22,16,3,15
23,16,3,12
24,16,3,6
1,17,3,3
2,17,3,11
3,17,3,11
4,17,3,6
5,17,3,5
6,17,3,3
7,17,3,4
8,17,3,8
9,17,3,9
10,17,3,20
11,17,3,31
12,17,3,34
13,17,3,41
14,17,3,42
15,17,3,44
16,17,3,46
17,17,3,41
18,17,3,35
19,17,3,31
20,17,3,29
21,17,3,28
22,17,3,27
23,17,3,31
24,17,3,28
1,18,3,29
2,18,3,28
3,18,3,28
4,18,3,26
5,18,3,29
6,18,3,27
7,18,3,20
8,18,3,24
9,18,3,31
10,18,3,35
11,18,3,36
12,18,3,37
13,18,3,39
14,18,3,40
15,18,3,41
16,18,3,42
17,18,3,41
18,18,3,39
19,18,3,38
20,18,3,37
21,18,3,37
22,18,3,38
23,18,3,39
24,18,3,38
1,19,3,36
2,19,3,34
3,19,3,36
4,19,3,36
5,19,3,36
6,19,3,33
7,19,3,32
8,19,3,35
9,19,3,37
10,19,3,39
11,19,3,40
12,19,3,40
13,19,3,40
14,19,3,41
15,19,3,40
16,19,3,39
17,19,3,39
18,19,3,39
19,19,3,35
20,19,3,22
21,19,3,13
22,19,3,30
23,19,3,28
24,19,3,21
1,20,3,24
2,20,3,27
3,20,3,29
4,20,3,29
5,20,3,25
6,20,3,22
7,20,3,21
8,20,3,25
9,20,3,29
10,20,3,34
11,20,3,39
12,20,3,39
13,20,3,41
14,20,3,41
15,20,3,42
16,20,3,42
17,20,3,42
18,20,3,39
19,20,3,31
20,20,3,33
21,20,3,29
22,20,3,24
23,20,3,18
24,20,3,29
1,21,3,31
2,21,3,18
3,21,3,11
4,21,3,3
5,21,3,4
6,21,3,0
7,21,3,1
8,21,3,6
9,21,3,23
10,21,3,32
11,21,3,37
12,21,3,43
13,21,3,47
14,21,3,49
15,21,3,50
16,21,3,50
17,21,3,49
18,21,3,46
19,21,3,41
20,21,3,38
21,21,3,38
22,21,3,38
23,21,3,29
24,21,3,23
1,22,3,4
2,22,3,4
3,22,3,14
4,22,3,16
5,22,3,22
6,22,3,14
7,22,3,13
8,22,3,5
9,22,3,16
10,22,3,30
11,22,3,39
12,22,3,46
13,22,3,49
14,22,3,51
15,22,3,53
16,22,3,53
17,22,3,52
18,22,3,51
19,22,3,45
20,22,3,41
21,22,3,41
22,22,3,42
23,22,3,44
24,22,3,30
1,23,3,19
2,23,3,15
3,23,3,11
4,23,3,15
5,23,3,15
6,23,3,14
7,23,3,6
8,23,3,7
9,23,3,12
10,23,3,27
11,23,3,45
12,23,3,47
13,23,3,52
14,23,3,52
15,23,3,55
16,23,3,57
17,23,3,56
18,23,3,53
19,23,3,51
20,23,3,44
21,23,3,42
22,23,3,45
23,23,3,43
24,23,3,23
1,24,3,24
2,24,3,28
3,24,3,27
4,24,3,36
5,24,3,37
6,24,3,37
7,24,3,30
8,24,3,30
9,24,3,24
10,24,3,23
11,24,3,21
12,24,3,30
13,24,3,33
14,24,3,30
15,24,3,28
16,24,3,27
17,24,3,29
18,24,3,27
19,24,3,24
20,24,3,23
21,24,3,24
22,24,3,24
23,24,3,22
24,24,3,19
1,25,3,17
2,25,3,21
3,25,3,18
4,25,3,16
5,25,3,12
6,25,3,18
7,25,3,6
8,25,3,9
9,25,3,11
10,25,3,21
11,25,3,27
12,25,3,35
13,25,3,38
14,25,3,41
15,25,3,41
16,25,3,41
17,25,3,41
18,25,3,36
19,25,3,33
20,25,3,32
21,25,3,31
22,25,3,29
23,25,3,32
24,25,3,29
1,26,3,29
2,26,3,28
3,26,3,27
4,26,3,27
5,26,3,27
6,26,3,25
7,26,3,24
8,26,3,23
9,26,3,23
10,26,3,24
11,26,3,25
12,26,3,25
13,26,3,21
14,26,3,20
15,26,3,22
16,26,3,24
17,26,3,26
18,26,3,28
19,26,3,29
20,26,3,29
21,26,3,29
22,26,3,26
23,26,3,26
24,26,3,28
1,27,3,28
2,27,3,28
3,27,3,28
4,27,3,28
5,27,3,28
6,27,3,26
7,27,3,25
8,27,3,25
9,27,3,25
10,27,3,26
11,27,3,28
12,27,3,32
13,27,3,32
14,27,3,35
15,27,3,35
16,27,3,32
17,27,3,32
18,27,3,30
19,27,3,27
20,27,3,27
21,27,3,27
22,27,3,26
23,27,3,26
24,27,3,26
1,28,3,26
2,28,3,25
3,28,3,25
4,28,3,25
5,28,3,22
6,28,3,23
7,28,3,21
8,28,3,19
9,28,3,19
10,28,3,20
11,28,3,19
12,28,3,18
13,28,3,20
14,28,3,23
15,28,3,21
16,28,3,18
17,28,3,12
18,28,3,13
19,28,3,32
20,28,3,32
21,28,3,31
22,28,3,26
23,28,3,23
24,28,3,20
1,29,3,20
2,29,3,32
3,29,3,35
4,29,3,36
5,29,3,36
6,29,3,36
7,29,3,36
8,29,3,37
9,29,3,38
10,29,3,39
11,29,3,38
12,29,3,38
13,29,3,38
14,29,3,38
15,29,3,39
16,29,3,39
17,29,3,39
18,29,3,38
19,29,3,35
20,29,3,26
21,29,3,19
22,29,3,3
23,29,3,0
24,29,3,7
1,30,3,5
2,30,3,4
3,30,3,2
4,30,3,12
5,30,3,8
6,30,3,13
7,30,3,18
8,30,3,17
9,30,3,26
10,30,3,34
11,30,3,39
12,30,3,42
13,30,3,45
14,30,3,48
15,30,3,49
16,30,3,52
17,30,3,51
18,30,3,49
19,30,3,46
20,30,3,44
21,30,3,45
22,30,3,44
23,30,3,42
24,30,3,44
1,31,3,48
2,31,3,48
3,31,3,46
4,31,3,43
5,31,3,40
6,31,3,36
7,31,3,25
8,31,3,33
9,31,3,35
10,31,3,37
11,31,3,37
12,31,3,38
13,31,3,40
14,31,3,42
15,31,3,43
16,31,3,38
17,31,3,35
18,31,3,32
19,31,3,30
20,31,3,25
21,31,3,20
22,31,3,21
23,31,3,21
24,31,3,24
1,1,4,23
2,1,4,21
3,1,4,25
4,1,4,24
5,1,4,26
6,1,4,29
7,1,4,30
8,1,4,31
9,1,4,30
10,1,4,30
11,1,4,30
12,1,4,30
13,1,4,31
14,1,4,32
15,1,4,33
16,1,4,33
17,1,4,33
18,1,4,33
19,1,4,33
20,1,4,33
21,1,4,32
22,1,4,31
23,1,4,31
24,1,4,33
1,2,4,33
2,2,4,38
3,2,4,39
4,2,4,39
5,2,4,38
6,2,4,37
7,2,4,37
8,2,4,37
9,2,4,37
10,2,4,38
11,2,4,39
12,2,4,39
13,2,4,40
14,2,4,41
15,2,4,41
16,2,4,42
17,2,4,41
18,2,4,41
19,2,4,40
20,2,4,39
21,2,4,34
22,2,4,33
23,2,4,33
24,2,4,31
1,3,4,32
2,3,4,30
3,3,4,30
4,3,4,29
5,3,4,29
6,3,4,27
7,3,4,26
8,3,4,29
9,3,4,32
10,3,4,35
11,3,4,37
12,3,4,38
13,3,4,38
14,3,4,38
15,3,4,40
16,3,4,41
17,3,4,41
18,3,4,40
19,3,4,38
20,3,4,35
21,3,4,37
22,3,4,36
23,3,4,37
24,3,4,37
1,4,4,36
2,4,4,36
3,4,4,26
4,4,4,26
5,4,4,24
6,4,4,17
7,4,4,18
8,4,4,21
9,4,4,32
10,4,4,35
11,4,4,43
12,4,4,43
13,4,4,45
14,4,4,48
15,4,4,48
16,4,4,47
17,4,4,48
18,4,4,47
19,4,4,44
20,4,4,40
21,4,4,40
22,4,4,41
23,4,4,40
24,4,4,42
1,5,4,39
2,5,4,37
3,5,4,36
4,5,4,36
5,5,4,34
6,5,4,34
7,5,4,34
8,5,4,36
9,5,4,38
10,5,4,41
11,5,4,42
12,5,4,40
13,5,4,41
14,5,4,44
15,5,4,45
16,5,4,46
17,5,4,45
18,5,4,44
19,5,4,44
20,5,4,41
21,5,4,39
22,5,4,36
23,5,4,33
24,5,4,32
1,6,4,32
2,6,4,29
3,6,4,32
4,6,4,28
5,6,4,31
6,6,4,31
7,6,4,33
8,6,4,33
9,6,4,35
10,6,4,37
11,6,4,38
12,6,4,39
13,6,4,41
14,6,4,42
15,6,4,44
16,6,4,45
17,6,4,44
18,6,4,41
19,6,4,38
20,6,4,32
21,6,4,30
22,6,4,24
23,6,4,27
24,6,4,26
1,7,4,17
2,7,4,21
3,7,4,17
4,7,4,14
5,7,4,14
6,7,4,10
7,7,4,12
8,7,4,19
9,7,4,21
10,7,4,27
11,7,4,30
12,7,4,34
13,7,4,35
14,7,4,38
15,7,4,39
16,7,4,39
17,7,4,41
18,7,4,42
19,7,4,40
20,7,4,36
21,7,4,35
22,7,4,33
23,7,4,29
24,7,4,28
1,8,4,27
2,8,4,26
3,8,4,27
4,8,4,27
5,8,4,27
6,8,4,27
7,8,4,27
8,8,4,29
9,8,4,30
10,8,4,31
11,8,4,34
12,8,4,36
13,8,4,38
14,8,4,41
15,8,4,41
16,8,4,43
17,8,4,44
18,8,4,44
19,8,4,42
20,8,4,40
21,8,4,36
22,8,4,35
23,8,4,33
24,8,4,31
1,9,4,30
2,9,4,28
3,9,4,27
4,9,4,25
5,9,4,22
6,9,4,19
7,9,4,17
8,9,4,21
9,9,4,26
10,9,4,34
11,9,4,43
12,9,4,46
13,9,4,48
14,9,4,49
15,9,4,48
16,9,4,46
17,9,4,47
18,9,4,42
19,9,4,41
20,9,4,37
21,9,4,30
22,9,4,30
23,9,4,19
24,9,4,24
1,10,4,26
2,10,4,11
3,10,4,7
4,10,4,15
5,10,4,21
6,10,4,8
7,10,4,10
8,10,4,19
9,10,4,31
10,10,4,34
11,10,4,38
12,10,4,41
13,10,4,44
14,10,4,45
15,10,4,48
16,10,4,49
17,10,4,50
18,10,4,50
19,10,4,45
20,10,4,38
21,10,4,34
22,10,4,35
23,10,4,29
24,10,4,28
1,11,4,33
2,11,4,36
3,11,4,28
4,11,4,30
5,11,4,29
6,11,4,29
7,11,4,30
8,11,4,30
9,11,4,31
10,11,4,32
11,11,4,35
12,11,4,39
13,11,4,41
14,11,4,41
15,11,4,41
16,11,4,43
17,11,4,44
18,11,4,43
19,11,4,42
20,11,4,40
21,11,4,39
22,11,4,38
23,11,4,37
24,11,4,35
1,12,4,34
2,12,4,32
3,12,4,32
4,12,4,30
5,12,4,30
6,12,4,29
7,12,4,28
8,12,4,28
9,12,4,31
10,12,4,33
11,12,4,36
12,12,4,36
13,12,4,37
14,12,4,37
15,12,4,36
16,12,4,36
17,12,4,37
18,12,4,36
19,12,4,35
20,12,4,35
21,12,4,35
22,12,4,34
23,12,4,33
24,12,4,32
1,13,4,32
2,13,4,33
3,13,4,33
4,13,4,33
5,13,4,32
6,13,4,31
7,13,4,29
8,13,4,30
9,13,4,31
10,13,4,32
11,13,4,35
12,13,4,38
13,13,4,40
14,13,4,41
15,13,4,43
16,13,4,43
17,13,4,44
18,13,4,43
19,13,4,41
20,13,4,37
21,13,4,34
22,13,4,31
23,13,4,28
24,13,4,16
1,14,4,14
2,14,4,22
3,14,4,25
4,14,4,23
5,14,4,26
6,14,4,26
7,14,4,27
8,14,4,27
9,14,4,28
10,14,4,30
11,14,4,32
12,14,4,32
13,14,4,41
14,14,4,44
15,14,4,45
16,14,4,45
17,14,4,44
18,14,4,43
19,14,4,41
20,14,4,37
21,14,4,33
22,14,4,34
23,14,4,34
24,14,4,31
1,15,4,30
2,15,4,37
3,15,4,41
4,15,4,40
5,15,4,39
6,15,4,37
7,15,4,37
8,15,4,37
9,15,4,38
10,15,4,35
11,15,4,36
12,15,4,33
13,15,4,39
14,15,4,39
15,15,4,43
16,15,4,36
17,15,4,28
18,15,4,28
19,15,4,32
20,15,4,34
21,15,4,31
22,15,4,33
23,15,4,34
24,15,4,29
1,16,4,26
2,16,4,26
3,16,4,24
4,16,4,28
5,16,4,31
6,16,4,30
7,16,4,26
8,16,4,36
9,16,4,37
10,16,4,38
11,16,4,39
12,16,4,41
13,16,4,40
14,16,4,41
15,16,4,39
16,16,4,39
17,16,4,39
18,16,4,38
19,16,4,34
20,16,4,36
21,16,4,33
22,16,4,37
23,16,4,35
24,16,4,33
1,17,4,34
2,17,4,28
3,17,4,27
4,17,4,23
5,17,4,22
6,17,4,19
7,17,4,21
8,17,4,22
9,17,4,26
10,17,4,31
11,17,4,32
12,17,4,34
13,17,4,38
14,17,4,39
15,17,4,39
16,17,4,39
17,17,4,38
18,17,4,37
19,17,4,35
20,17,4,33
21,17,4,32
22,17,4,31
23,17,4,28
24,17,4,27
1,18,4,26
2,18,4,22
3,18,4,21
4,18,4,21
5,18,4,19
6,18,4,20
7,18,4,20
8,18,4,20
9,18,4,20
10,18,4,19
11,18,4,20
12,18,4,22
13,18,4,26
14,18,4,29
15,18,4,32
16,18,4,34
17,18,4,33
18,18,4,30
19,18,4,31
20,18,4,26
21,18,4,23
22,18,4,22
23,18,4,22
24,18,4,19
1,19,4,21
2,19,4,20
3,19,4,14
4,19,4,5
5,19,4,6
6,19,4,1
7,19,4,5
8,19,4,14
9,19,4,23
10,19,4,33
11,19,4,38
12,19,4,41
13,19,4,43
14,19,4,41
15,19,4,43
16,19,4,44
17,19,4,41
18,19,4,42
19,19,4,43
20,19,4,45
21,19,4,45
22,19,4,44
23,19,4,43
24,19,4,44
1,20,4,43
2,20,4,43
3,20,4,42
4,20,4,39
5,20,4,36
6,20,4,32
7,20,4,29
8,20,4,30
9,20,4,32
10,20,4,33
11,20,4,31
12,20,4,31
13,20,4,32
14,20,4,35
15,20,4,35
16,20,4,35
17,20,4,35
18,20,4,35
19,20,4,35
20,20,4,34
21,20,4,33
22,20,4,32
23,20,4,32
24,20,4,32
1,21,4,29
2,21,4,27
3,21,4,29
4,21,4,29
5,21,4,30
6,21,4,29
7,21,4,25
8,21,4,28
9,21,4,28
10,21,4,29
11,21,4,30
12,21,4,31
13,21,4,32
14,21,4,35
15,21,4,35
16,21,4,35
17,21,4,35
18,21,4,36
19,21,4,36
20,21,4,36
21,21,4,37
22,21,4,37
23,21,4,37
24,21,4,35
1,22,4,34
2,22,4,33
3,22,4,32
4,22,4,33
5,22,4,33
6,22,4,33
7,22,4,34
8,22,4,37
9,22,4,38
10,22,4,39
11,22,4,40
12,22,4,41
13,22,4,40
14,22,4,39
15,22,4,39
16,22,4,40
17,22,4,40
18,22,4,41
19,22,4,41
20,22,4,41
21,22,4,39
22,22,4,36
23,22,4,35
24,22,4,35
1,23,4,34
2,23,4,35
3,23,4,34
4,23,4,32
5,23,4,34
6,23,4,33
7,23,4,31
8,23,4,37
9,23,4,38
10,23,4,40
11,23,4,41
12,23,4,43
13,23,4,45
14,23,4,46
15,23,4,47
16,23,4,48
17,23,4,49
18,23,4,49
19,23,4,48
20,23,4,46
21,23,4,44
22,23,4,43
23,23,4,40
24,23,4,42
1,24,4,39
2,24,4,43
3,24,4,44
4,24,4,45
5,24,4,46
6,24,4,45
7,24,4,46
8,24,4,49
9,24,4,48
10,24,4,49
11,24,4,52
12,24,4,56
13,24,4,57
14,24,4,56
15,24,4,56
16,24,4,55
17,24,4,55
18,24,4,55
19,24,4,53
20,24,4,52
21,24,4,51
22,24,4,49
23,24,4,46
24,24,4,46
1,25,4,41
2,25,4,37
3,25,4,41
4,25,4,26
5,25,4,21
6,25,4,19
7,25,4,21
8,25,4,24
9,25,4,30
10,25,4,46
11,25,4,47
12,25,4,46
13,25,4,47
14,25,4,48
15,25,4,49
16,25,4,40
17,25,4,35
18,25,4,21
19,25,4,16
20,25,4,15
21,25,4,16
22,25,4,18
23,25,4,23
24,25,4,33
1,26,4,35
2,26,4,36
3,26,4,35
4,26,4,35
5,26,4,37
6,26,4,35
7,26,4,36
8,26,4,37
9,26,4,37
10,26,4,39
11,26,4,41
12,26,4,43
13,26,4,43
14,26,4,42
15,26,4,42
16,26,4,44
17,26,4,44
18,26,4,42
19,26,4,41
20,26,4,39
21,26,4,38
22,26,4,37
23,26,4,36
24,26,4,34
1,27,4,32
2,27,4,33
3,27,4,32
4,27,4,32
5,27,4,29
6,27,4,29
7,27,4,32
8,27,4,32
9,27,4,33
10,27,4,38
11,27,4,40
12,27,4,41
13,27,4,42
14,27,4,43
15,27,4,42
16,27,4,43
17,27,4,43
18,27,4,43
19,27,4,42
20,27,4,40
21,27,4,38
22,27,4,38
23,27,4,33
24,27,4,31
1,28,4,27
2,28,4,27
3,28,4,30
4,28,4,28
5,28,4,31
6,28,4,30
7,28,4,28
8,28,4,28
9,28,4,36
10,28,4,38
11,28,4,40
12,28,4,39
13,28,4,40
14,28,4,38
15,28,4,35
16,28,4,34
17,28,4,30
18,28,4,34
19,28,4,32
20,28,4,29
21,28,4,28
22,28,4,23
23,28,4,23
24,28,4,22
1,29,4,23
2,29,4,21
3,29,4,24
4,29,4,22
5,29,4,21
6,29,4,19
7,29,4,17
8,29,4,18
9,29,4,22
10,29,4,31
11,29,4,37
12,29,4,40
13,29,4,41
14,29,4,43
15,29,4,41
16,29,4,41
17,29,4,43
18,29,4,42
19,29,4,40
20,29,4,32
21,29,4,30
22,29,4,30
23,29,4,31
24,29,4,27
1,30,4,28
2,30,4,29
3,30,4,27
4,30,4,24
5,30,4,23
6,30,4,23
7,30,4,21
8,30,4,21
9,30,4,22
10,30,4,24
11,30,4,23
12,30,4,28
13,30,4,24
14,30,4,16
15,30,4,16
16,30,4,18
17,30,4,20
18,30,4,22
19,30,4,23
20,30,4,24
21,30,4,29
22,30,4,33
23,30,4,31
24,30,4,31
1,1,5,31
2,1,5,32
3,1,5,33
4,1,5,32
5,1,5,33
6,1,5,33
7,1,5,33
8,1,5,33
9,1,5,34
10,1,5,35
11,1,5,35
12,1,5,34
13,1,5,34
14,1,5,36
15,1,5,36
16,1,5,38
17,1,5,40
18,1,5,36
19,1,5,34
20,1,5,36
21,1,5,34
22,1,5,29
23,1,5,33
24,1,5,38
1,2,5,39
2,2,5,34
3,2,5,32
4,2,5,26
5,2,5,18
6,2,5,26
7,2,5,30
8,2,5,27
9,2,5,27
10,2,5,28
11,2,5,29
12,2,5,30
13,2,5,33
14,2,5,33
15,2,5,33
16,2,5,33
17,2,5,32
18,2,5,32
19,2,5,32
20,2,5,32
21,2,5,32
22,2,5,33
23,2,5,45
24,2,5,45
1,3,5,40
2,3,5,37
3,3,5,35
4,3,5,32
5,3,5,31
6,3,5,29
7,3,5,28
8,3,5,27
9,3,5,24
10,3,5,23
11,3,5,23
12,3,5,23
13,3,5,23
14,3,5,23
15,3,5,23
16,3,5,22
17,3,5,18
18,3,5,18
19,3,5,16
20,3,5,14
21,3,5,13
22,3,5,13
23,3,5,18
24,3,5,17
1,4,5,18
2,4,5,19
3,4,5,22
4,4,5,26
5,4,5,25
6,4,5,25
7,4,5,26
8,4,5,29
9,4,5,30
10,4,5,30
11,4,5,31
12,4,5,29
13,4,5,29
14,4,5,27
15,4,5,27
16,4,5,26
17,4,5,26
18,4,5,26
19,4,5,24
20,4,5,23
21,4,5,23
22,4,5,21
23,4,5,21
24,4,5,19
1,5,5,18
2,5,5,17
3,5,5,16
4,5,5,16
5,5,5,13
6,5,5,14
7,5,5,13
8,5,5,11
9,5,5,11
10,5,5,12
11,5,5,17
12,5,5,17
13,5,5,17
14,5,5,18
15,5,5,18
16,5,5,20
17,5,5,22
18,5,5,24
19,5,5,26
20,5,5,26
21,5,5,23
22,5,5,24
23,5,5,24
24,5,5,24
1,6,5,23
2,6,5,22
3,6,5,23
4,6,5,24
5,6,5,23
6,6,5,22
7,6,5,24
8,6,5,27
9,6,5,31
10,6,5,32
11,6,5,32
12,6,5,33
13,6,5,34
14,6,5,34
15,6,5,34
16,6,5,34
17,6,5,35
18,6,5,34
19,6,5,33
20,6,5,31
21,6,5,30
22,6,5,28
23,6,5,28
24,6,5,27
1,7,5,20
2,7,5,15
3,7,5,18
4,7,5,19
5,7,5,18
6,7,5,16
7,7,5,14
8,7,5,21
9,7,5,22
10,7,5,23
11,7,5,9999
12,7,5,9999
13,7,5,35
14,7,5,36
15,7,5,36
16,7,5,38
17,7,5,38
18,7,5,34
19,7,5,34
20,7,5,34
21,7,5,34
22,7,5,29
23,7,5,30
24,7,5,31
1,8,5,29
2,8,5,28
3,8,5,29
4,8,5,29
5,8,5,31
6,8,5,28
7,8,5,26
8,8,5,25
9,8,5,25
10,8,5,24
11,8,5,24
12,8,5,26
13,8,5,27
14,8,5,30
15,8,5,30
16,8,5,29
17,8,5,29
18,8,5,27
19,8,5,26
20,8,5,26
21,8,5,25
22,8,5,24
23,8,5,24
24,8,5,22
1,9,5,22
2,9,5,22
3,9,5,26
4,9,5,28
5,9,5,30
6,9,5,31
7,9,5,29
8,9,5,29
9,9,5,31
10,9,5,30
11,9,5,32
12,9,5,32
13,9,5,35
14,9,5,37
15,9,5,36
16,9,5,35
17,9,5,36
18,9,5,38
19,9,5,36
20,9,5,37
21,9,5,34
22,9,5,28
23,9,5,29
24,9,5,27
1,10,5,24
2,10,5,26
3,10,5,26
4,10,5,23
5,10,5,16
6,10,5,14
7,10,5,20
8,10,5,17
9,10,5,25
10,10,5,36
11,10,5,40
12,10,5,41
13,10,5,41
14,10,5,42
15,10,5,42
16,10,5,41
17,10,5,40
18,10,5,38
19,10,5,36
20,10,5,37
21,10,5,34
22,10,5,35
23,10,5,33
24,10,5,33
1,11,5,32
2,11,5,31
3,11,5,29
4,11,5,26
5,11,5,22
6,11,5,23
7,11,5,21
8,11,5,21
9,11,5,22
10,11,5,23
11,11,5,24
12,11,5,25
13,11,5,25
14,11,5,25
15,11,5,22
16,11,5,20
17,11,5,18
18,11,5,17
19,11,5,16
20,11,5,16
21,11,5,17
22,11,5,16
23,11,5,17
24,11,5,18
1,12,5,19
2,12,5,23
3,12,5,23
4,12,5,22
5,12,5,21
6,12,5,19
7,12,5,19
8,12,5,20
9,12,5,22
10,12,5,22
11,12,5,23
12,12,5,26
13,12,5,31
14,12,5,36
15,12,5,39
16,12,5,42
17,12,5,51
18,12,5,52
19,12,5,50
20,12,5,44
21,12,5,39
22,12,5,36
23,12,5,33
24,12,5,27
1,13,5,25
2,13,5,26
3,13,5,26
4,13,5,25
5,13,5,25
6,13,5,23
7,13,5,25
8,13,5,25
9,13,5,31
10,13,5,40
11,13,5,40
12,13,5,41
13,13,5,41
14,13,5,43
15,13,5,40
16,13,5,41
17,13,5,41
18,13,5,41
19,13,5,41
20,13,5,40
21,13,5,37
22,13,5,32
23,13,5,30
24,13,5,26
1,14,5,24
2,14,5,19
3,14,5,17
4,14,5,18
5,14,5,26
6,14,5,25
7,14,5,24
8,14,5,26
9,14,5,31
10,14,5,34
11,14,5,38
12,14,5,40
13,14,5,43
14,14,5,44
15,14,5,43
16,14,5,43
17,14,5,43
18,14,5,44
19,14,5,42
20,14,5,39
21,14,5,43
22,14,5,44
23,14,5,44
24,14,5,43
1,15,5,40
2,15,5,38
3,15,5,36
4,15,5,37
5,15,5,36
6,15,5,36
7,15,5,39
8,15,5,38
9,15,5,43
10,15,5,45
11,15,5,49
12,15,5,52
13,15,5,53
14,15,5,53
15,15,5,53
16,15,5,53
17,15,5,51
18,15,5,50
19,15,5,49
20,15,5,47
21,15,5,46
22,15,5,43
23,15,5,38
24,15,5,37
1,16,5,35
2,16,5,35
3,16,5,32
4,16,5,27
5,16,5,26
6,16,5,24
7,16,5,28
8,16,5,32
9,16,5,38
10,16,5,45
11,16,5,52
12,16,5,55
13,16,5,52
14,16,5,50
15,16,5,53
16,16,5,56
17,16,5,57
18,16,5,56
19,16,5,56
20,16,5,50
21,16,5,45
22,16,5,45
23,16,5,42
24,16,5,43
1,17,5,30
2,17,5,22
3,17,5,17
4,17,5,14
5,17,5,17
6,17,5,18
7,17,5,18
8,17,5,22
9,17,5,23
10,17,5,39
11,17,5,56
12,17,5,62
13,17,5,61
14,17,5,62
15,17,5,61
16,17,5,59
17,17,5,58
18,17,5,59
19,17,5,60
20,17,5,58
21,17,5,57
22,17,5,57
23,17,5,54
24,17,5,49
1,18,5,46
2,18,5,43
3,18,5,42
4,18,5,43
5,18,5,43
6,18,5,40
7,18,5,37
8,18,5,36
9,18,5,43
10,18,5,52
11,18,5,58
12,18,5,57
13,18,5,55
14,18,5,54
15,18,5,52
16,18,5,50
17,18,5,48
18,18,5,48
19,18,5,44
20,18,5,39
21,18,5,34
22,18,5,30
23,18,5,25
24,18,5,22
1,19,5,25
2,19,5,24
3,19,5,19
4,19,5,16
5,19,5,16
6,19,5,15
7,19,5,17
8,19,5,22
9,19,5,24
10,19,5,32
11,19,5,44
12,19,5,52
13,19,5,55
14,19,5,54
15,19,5,56
16,19,5,58
17,19,5,57
18,19,5,49
19,19,5,45
20,19,5,49
21,19,5,49
22,19,5,48
23,19,5,43
24,19,5,43
1,20,5,43
2,20,5,34
3,20,5,38
4,20,5,25
5,20,5,23
6,20,5,18
7,20,5,14
8,20,5,15
9,20,5,30
10,20,5,47
11,20,5,58
12,20,5,62
13,20,5,61
14,20,5,59
15,20,5,57
16,20,5,55
17,20,5,54
18,20,5,54
19,20,5,47
20,20,5,45
21,20,5,38
22,20,5,40
23,20,5,38
24,20,5,27
1,21,5,20
2,21,5,15
3,21,5,14
4,21,5,13
5,21,5,12
6,21,5,14
7,21,5,17
8,21,5,26
9,21,5,34
10,21,5,48
11,21,5,59
12,21,5,65
13,21,5,64
14,21,5,63
15,21,5,64
16,21,5,63
17,21,5,63
18,21,5,64
19,21,5,68
20,21,5,63
21,21,5,60
22,21,5,57
23,21,5,55
24,21,5,59
1,22,5,60
2,22,5,58
3,22,5,55
4,22,5,50
5,22,5,46
6,22,5,45
7,22,5,44
8,22,5,44
9,22,5,48
10,22,5,49
11,22,5,48
12,22,5,48
13,22,5,45
14,22,5,44
15,22,5,47
16,22,5,46
17,22,5,44
18,22,5,39
19,22,5,36
20,22,5,34
21,22,5,33
22,22,5,33
23,22,5,32
24,22,5,31
1,23,5,30
2,23,5,27
3,23,5,26
4,23,5,25
5,23,5,23
6,23,5,24
7,23,5,22
8,23,5,15
9,23,5,20
10,23,5,23
11,23,5,20
12,23,5,21
13,23,5,23
14,23,5,27
15,23,5,33
16,23,5,37
17,23,5,40
18,23,5,40
19,23,5,41
20,23,5,41
21,23,5,39
22,23,5,37
23,23,5,34
24,23,5,30
1,24,5,29
2,24,5,29
3,24,5,27
4,24,5,26
5,24,5,25
6,24,5,25
7,24,5,30
8,24,5,33
9,24,5,34
10,24,5,36
11,24,5,39
12,24,5,42
13,24,5,46
14,24,5,48
15,24,5,49
16,24,5,49
17,24,5,48
18,24,5,46
19,24,5,44
20,24,5,40
21,24,5,36
22,24,5,39
23,24,5,39
24,24,5,39
1,25,5,35
2,25,5,35
3,25,5,36
4,25,5,35
5,25,5,37
6,25,5,29
7,25,5,23
8,25,5,18
9,25,5,19
10,25,5,28
11,25,5,33
12,25,5,30
13,25,5,31
14,25,5,35
15,25,5,37
16,25,5,41
17,25,5,41
18,25,5,44
19,25,5,46
20,25,5,45
21,25,5,50
22,25,5,52
23,25,5,50
24,25,5,48
1,26,5,51
2,26,5,48
3,26,5,47
4,26,5,46
5,26,5,45
6,26,5,48
7,26,5,45
8,26,5,41
9,26,5,40
10,26,5,46
11,26,5,49
12,26,5,45
13,26,5,38
14,26,5,40
15,26,5,40
16,26,5,45
17,26,5,46
18,26,5,46
19,26,5,46
20,26,5,42
21,26,5,40
22,26,5,38
23,26,5,36
24,26,5,28
1,27,5,23
2,27,5,23
3,27,5,23
4,27,5,27
5,27,5,31
6,27,5,32
7,27,5,32
8,27,5,30
9,27,5,30
10,27,5,31
11,27,5,32
12,27,5,33
13,27,5,32
14,27,5,33
15,27,5,33
16,27,5,34
17,27,5,34
18,27,5,34
19,27,5,34
20,27,5,33
21,27,5,32
22,27,5,31
23,27,5,30
24,27,5,30
1,28,5,28
2,28,5,28
3,28,5,28
4,28,5,23
5,28,5,27
6,28,5,28
7,28,5,27
8,28,5,29
9,28,5,30
10,28,5,32
11,28,5,32
12,28,5,35
13,28,5,37
14,28,5,38
15,28,5,39
16,28,5,37
17,28,5,36
18,28,5,37
19,28,5,36
20,28,5,33
21,28,5,29
22,28,5,28
23,28,5,27
24,28,5,23
1,29,5,23
2,29,5,24
3,29,5,24
4,29,5,27
5,29,5,27
6,29,5,26
7,29,5,28
8,29,5,30
9,29,5,33
10,29,5,33
11,29,5,32
12,29,5,34
13,29,5,34
14,29,5,37
15,29,5,35
16,29,5,36
17,29,5,36
18,29,5,36
19,29,5,38
20,29,5,39
21,29,5,32
22,29,5,27
23,29,5,24
24,29,5,21
1,30,5,20
2,30,5,20
3,30,5,21
4,30,5,22
5,30,5,20
6,30,5,21
7,30,5,26
8,30,5,30
9,30,5,30
10,30,5,28
11,30,5,28
12,30,5,29
13,30,5,30
14,30,5,33
15,30,5,33
16,30,5,32
17,30,5,35
18,30,5,33
19,30,5,31
20,30,5,28
21,30,5,27
22,30,5,25
23,30,5,23
24,30,5,13
1,31,5,10
2,31,5,15
3,31,5,17
4,31,5,15
5,31,5,13
6,31,5,14
7,31,5,17
8,31,5,24
9,31,5,29
10,31,5,29
11,31,5,37
12,31,5,37
13,31,5,38
14,31,5,40
15,31,5,40
16,31,5,41
17,31,5,43
18,31,5,42
19,31,5,41
20,31,5,38
21,31,5,39
22,31,5,42
23,31,5,41
24,31,5,41
1,1,6,41
2,1,6,41
3,1,6,42
4,1,6,44
5,1,6,42
6,1,6,43
7,1,6,42
8,1,6,39
9,1,6,44
10,1,6,52
11,1,6,54
12,1,6,57
13,1,6,58
14,1,6,57
15,1,6,57
16,1,6,56
17,1,6,57
18,1,6,56
19,1,6,53
20,1,6,49
21,1,6,46
22,1,6,36
23,1,6,40
24,1,6,45
1,2,6,44
2,2,6,42
3,2,6,43
4,2,6,42
5,2,6,41
6,2,6,39
7,2,6,36
8,2,6,37
9,2,6,49
10,2,6,57
11,2,6,61
12,2,6,62
13,2,6,64
14,2,6,65
15,2,6,65
16,2,6,65
17,2,6,63
18,2,6,58
19,2,6,57
20,2,6,56
21,2,6,53
22,2,6,46
23,2,6,44
24,2,6,40
1,3,6,34
2,3,6,30
3,3,6,28
4,3,6,24
5,3,6,19
6,3,6,20
7,3,6,20
8,3,6,28
9,3,6,25
10,3,6,19
11,3,6,20
12,3,6,27
13,3,6,35
14,3,6,38
15,3,6,40
16,3,6,40
17,3,6,42
18,3,6,40
19,3,6,37
20,3,6,35
21,3,6,31
22,3,6,28
23,3,6,26
24,3,6,24
1,4,6,21
2,4,6,22
3,4,6,20
4,4,6,18
5,4,6,13
6,4,6,15
7,4,6,14
8,4,6,17
9,4,6,17
10,4,6,23
11,4,6,42
12,4,6,51
13,4,6,53
14,4,6,48
15,4,6,44
16,4,6,44
17,4,6,49
18,4,6,51
19,4,6,51
20,4,6,49
21,4,6,50
22,4,6,46
23,4,6,45
24,4,6,45
1,5,6,48
2,5,6,48
3,5,6,46
4,5,6,40
5,5,6,39
6,5,6,37
7,5,6,39
8,5,6,39
9,5,6,43
10,5,6,43
11,5,6,33
12,5,6,39
13,5,6,47
14,5,6,46
15,5,6,46
16,5,6,45
17,5,6,43
18,5,6,40
19,5,6,38
20,5,6,36
21,5,6,35
22,5,6,33
23,5,6,32
24,5,6,26
1,6,6,23
2,6,6,18
3,6,6,13
4,6,6,10
5,6,6,9
6,6,6,7
7,6,6,15
8,6,6,36
9,6,6,46
10,6,6,55
11,6,6,59
12,6,6,59
13,6,6,59
14,6,6,59
15,6,6,61
16,6,6,64
17,6,6,68
18,6,6,68
19,6,6,68
20,6,6,65
21,6,6,65
22,6,6,62
23,6,6,61
24,6,6,58
1,7,6,57
2,7,6,54
3,7,6,53
4,7,6,47
5,7,6,45
6,7,6,44
7,7,6,44
8,7,6,44
9,7,6,49
10,7,6,54
11,7,6,60
12,7,6,61
13,7,6,58
14,7,6,58
15,7,6,55
16,7,6,52
17,7,6,50
18,7,6,49
19,7,6,47
20,7,6,42
21,7,6,45
22,7,6,46
23,7,6,42
24,7,6,39
1,8,6,38
2,8,6,37
3,8,6,33
4,8,6,30
5,8,6,31
6,8,6,31
7,8,6,30
8,8,6,31
9,8,6,34
10,8,6,35
11,8,6,38
12,8,6,38
13,8,6,35
14,8,6,32
15,8,6,31
16,8,6,31
17,8,6,32
18,8,6,31
19,8,6,28
20,8,6,24
21,8,6,23
22,8,6,23
23,8,6,22
24,8,6,22
1,9,6,21
2,9,6,18
3,9,6,20
4,9,6,28
5,9,6,30
6,9,6,30
7,9,6,29
8,9,6,29
9,9,6,32
10,9,6,34
11,9,6,35
12,9,6,34
13,9,6,36
14,9,6,36
15,9,6,36
16,9,6,34
17,9,6,33
18,9,6,31
19,9,6,29
20,9,6,28
21,9,6,27
22,9,6,28
23,9,6,26
24,9,6,25
1,10,6,26
2,10,6,25
3,10,6,24
4,10,6,27
5,10,6,28
6,10,6,28
7,10,6,30
8,10,6,32
9,10,6,33
10,10,6,34
11,10,6,36
12,10,6,37
13,10,6,39
14,10,6,40
15,10,6,42
16,10,6,43
17,10,6,44
18,10,6,43
19,10,6,42
20,10,6,39
21,10,6,40
22,10,6,44
23,10,6,44
24,10,6,37
1,11,6,34
2,11,6,27
3,11,6,27
4,11,6,31
5,11,6,23
6,11,6,26
7,11,6,25
8,11,6,30
9,11,6,32
10,11,6,35
11,11,6,40
12,11,6,42
13,11,6,44
14,11,6,45
15,11,6,45
16,11,6,46
17,11,6,47
18,11,6,45
19,11,6,43
20,11,6,45
21,11,6,35
22,11,6,30
23,11,6,28
24,11,6,28
1,12,6,30
2,12,6,27
3,12,6,26
4,12,6,23
5,12,6,22
6,12,6,23
7,12,6,25
8,12,6,27
9,12,6,31
10,12,6,36
11,12,6,38
12,12,6,42
13,12,6,42
14,12,6,44
15,12,6,43
16,12,6,42
17,12,6,43
18,12,6,40
19,12,6,38
20,12,6,35
21,12,6,33
22,12,6,29
23,12,6,27
24,12,6,27
1,13,6,26
2,13,6,24
3,13,6,22
4,13,6,18
5,13,6,17
6,13,6,18
7,13,6,20
8,13,6,23
9,13,6,24
10,13,6,31
11,13,6,38
12,13,6,40
13,13,6,38
14,13,6,39
15,13,6,41
16,13,6,40
17,13,6,43
18,13,6,46
19,13,6,46
20,13,6,47
21,13,6,45
22,13,6,42
23,13,6,38
24,13,6,33
1,14,6,35
2,14,6,35
3,14,6,32
4,14,6,33
5,14,6,33
6,14,6,32
7,14,6,38
8,14,6,42
9,14,6,43
10,14,6,45
11,14,6,42
12,14,6,40
13,14,6,35
14,14,6,30
15,14,6,29
16,14,6,25
17,14,6,37
18,14,6,37
19,14,6,31
20,14,6,30
21,14,6,26
22,14,6,26
23,14,6,25
24,14,6,28
1,15,6,28
2,15,6,19
3,15,6,15
4,15,6,15
5,15,6,14
6,15,6,14
7,15,6,16
8,15,6,18
9,15,6,15
10,15,6,16
11,15,6,17
12,15,6,16
13,15,6,17
14,15,6,15
15,15,6,21
16,15,6,27
17,15,6,34
18,15,6,39
19,15,6,37
20,15,6,37
21,15,6,34
22,15,6,30
23,15,6,28
24,15,6,27
1,16,6,26
2,16,6,26
3,16,6,26
4,16,6,25
5,16,6,23
6,16,6,22
7,16,6,23
8,16,6,24
9,16,6,25
10,16,6,25
11,16,6,25
12,16,6,27
13,16,6,27
14,16,6,29
15,16,6,30
16,16,6,32
17,16,6,34
18,16,6,35
19,16,6,34
20,16,6,33
21,16,6,30
22,16,6,27
23,16,6,27
24,16,6,28
1,17,6,29
2,17,6,27
3,17,6,26
4,17,6,25
5,17,6,24
6,17,6,23
7,17,6,24
8,17,6,25
9,17,6,29
10,17,6,34
11,17,6,35
12,17,6,35
13,17,6,37
14,17,6,38
15,17,6,40
16,17,6,39
17,17,6,38
18,17,6,38
19,17,6,36
20,17,6,37
21,17,6,39
22,17,6,43
23,17,6,43
24,17,6,43
1,18,6,41
2,18,6,40
3,18,6,41
4,18,6,39
5,18,6,36
6,18,6,35
7,18,6,34
8,18,6,33
9,18,6,32
10,18,6,32
11,18,6,38
12,18,6,40
13,18,6,41
14,18,6,37
15,18,6,35
16,18,6,39
17,18,6,40
18,18,6,43
19,18,6,42
20,18,6,43
21,18,6,42
22,18,6,42
23,18,6,44
24,18,6,48
1,19,6,48
2,19,6,40
3,19,6,36
4,19,6,33
5,19,6,30
6,19,6,29
7,19,6,30
8,19,6,28
9,19,6,26
10,19,6,28
11,19,6,29
12,19,6,26
13,19,6,27
14,19,6,27
15,19,6,27
16,19,6,28
17,19,6,29
18,19,6,28
19,19,6,27
20,19,6,24
21,19,6,22
22,19,6,19
23,19,6,11
24,19,6,10
1,20,6,10
2,20,6,11
3,20,6,12
4,20,6,10
5,20,6,10
6,20,6,11
7,20,6,16
8,20,6,21
9,20,6,25
10,20,6,28
11,20,6,29
12,20,6,33
13,20,6,39
14,20,6,40
15,20,6,38
16,20,6,38
17,20,6,39
18,20,6,41
19,20,6,43
20,20,6,43
21,20,6,43
22,20,6,43
23,20,6,47
24,20,6,50
1,21,6,48
2,21,6,42
3,21,6,35
4,21,6,34
5,21,6,30
6,21,6,27
7,21,6,19
8,21,6,16
9,21,6,20
10,21,6,31
11,21,6,38
12,21,6,38
13,21,6,36
14,21,6,37
15,21,6,44
16,21,6,49
17,21,6,55
18,21,6,55
19,21,6,48
20,21,6,42
21,21,6,38
22,21,6,35
23,21,6,28
24,21,6,18
1,22,6,17
2,22,6,13
3,22,6,11
4,22,6,12
5,22,6,13
6,22,6,14
7,22,6,16
8,22,6,19
9,22,6,21
10,22,6,25
11,22,6,27
12,22,6,24
13,22,6,23
14,22,6,23
15,22,6,22
16,22,6,23
17,22,6,23
18,22,6,22
19,22,6,22
20,22,6,20
21,22,6,18
22,22,6,17
23,22,6,16
24,22,6,16
1,23,6,15
2,23,6,12
3,23,6,12
4,23,6,13
5,23,6,10
6,23,6,10
7,23,6,11
8,23,6,14
9,23,6,18
10,23,6,20
11,23,6,24
12,23,6,26
13,23,6,28
14,23,6,26
15,23,6,27
16,23,6,29
17,23,6,31
18,23,6,31
19,23,6,32
20,23,6,32
21,23,6,32
22,23,6,33
23,23,6,33
24,23,6,36
1,24,6,37
2,24,6,34
3,24,6,32
4,24,6,30
5,24,6,28
6,24,6,22
7,24,6,20
8,24,6,26
9,24,6,31
10,24,6,38
11,24,6,45
12,24,6,50
13,24,6,55
14,24,6,56
15,24,6,55
16,24,6,52
17,24,6,51
18,24,6,52
19,24,6,51
20,24,6,50
21,24,6,48
22,24,6,44
23,24,6,41
24,24,6,41
1,25,6,43
2,25,6,44
3,25,6,45
4,25,6,45
5,25,6,46
6,25,6,48
7,25,6,48
8,25,6,48
9,25,6,47
10,25,6,48
11,25,6,45
12,25,6,47
13,25,6,47
14,25,6,45
15,25,6,43
16,25,6,45
17,25,6,47
18,25,6,45
19,25,6,46
20,25,6,42
21,25,6,36
22,25,6,24
23,25,6,24
24,25,6,30
1,26,6,36
2,26,6,37
3,26,6,35
4,26,6,31
5,26,6,34
6,26,6,38
7,26,6,40
8,26,6,41
9,26,6,38
10,26,6,35
11,26,6,33
12,26,6,31
13,26,6,33
14,26,6,33
15,26,6,36
16,26,6,36
17,26,6,35
18,26,6,34
19,26,6,30
20,26,6,25
21,26,6,24
22,26,6,26
23,26,6,28
24,26,6,25
1,27,6,24
2,27,6,27
3,27,6,28
4,27,6,31
5,27,6,31
6,27,6,32
7,27,6,34
8,27,6,37
9,27,6,40
10,27,6,42
11,27,6,42
12,27,6,44
13,27,6,44
14,27,6,44
15,27,6,44
16,27,6,46
17,27,6,44
18,27,6,42
19,27,6,41
20,27,6,41
21,27,6,40
22,27,6,40
23,27,6,40
24,27,6,37
1,28,6,36
2,28,6,33
3,28,6,28
4,28,6,25
5,28,6,26
6,28,6,26
7,28,6,26
8,28,6,26
9,28,6,29
10,28,6,31
11,28,6,35
12,28,6,36
13,28,6,37
14,28,6,38
15,28,6,38
16,28,6,37
17,28,6,35
18,28,6,35
19,28,6,34
20,28,6,31
21,28,6,30
22,28,6,28
23,28,6,24
24,28,6,21
1,29,6,21
2,29,6,22
3,29,6,20
4,29,6,18
5,29,6,17
6,29,6,16
7,29,6,16
8,29,6,17
9,29,6,20
10,29,6,23
11,29,6,25
12,29,6,25
13,29,6,25
14,29,6,31
15,29,6,32
16,29,6,29
17,29,6,29
18,29,6,32
19,29,6,30
20,29,6,29
21,29,6,24
22,29,6,21
23,29,6,16
24,29,6,16
1,30,6,16
2,30,6,19
3,30,6,17
4,30,6,18
5,30,6,17
6,30,6,14
7,30,6,16
8,30,6,17
9,30,6,24
10,30,6,28
11,30,6,32
12,30,6,36
13,30,6,39
14,30,6,39
15,30,6,34
16,30,6,33
17,30,6,27
18,30,6,21
19,30,6,25
20,30,6,23
21,30,6,26
22,30,6,26
23,30,6,25
24,30,6,21
1,1,7,21
2,1,7,19
3,1,7,19
4,1,7,16
5,1,7,15
6,1,7,15
7,1,7,14
8,1,7,15
9,1,7,20
10,1,7,24
11,1,7,24
12,1,7,28
13,1,7,33
14,1,7,39
15,1,7,35
16,1,7,35
17,1,7,38
18,1,7,26
19,1,7,23
20,1,7,20
21,1,7,16
22,1,7,15
23,1,7,15
24,1,7,16
1,2,7,15
2,2,7,18
3,2,7,22
4,2,7,20
5,2,7,18
6,2,7,17
7,2,7,16
8,2,7,18
9,2,7,17
10,2,7,17
11,2,7,18
12,2,7,20
13,2,7,20
14,2,7,20
15,2,7,22
16,2,7,23
17,2,7,23
18,2,7,23
19,2,7,21
20,2,7,19
21,2,7,18
22,2,7,16
23,2,7,16
24,2,7,15
1,3,7,15
2,3,7,13
3,3,7,13
4,3,7,14
5,3,7,13
6,3,7,12
7,3,7,13
8,3,7,14
9,3,7,14
10,3,7,15
11,3,7,17
12,3,7,17
13,3,7,19
14,3,7,21
15,3,7,21
16,3,7,22
17,3,7,22
18,3,7,23
19,3,7,23
20,3,7,22
21,3,7,20
22,3,7,18
23,3,7,16
24,3,7,13
1,4,7,12
2,4,7,9
3,4,7,8
4,4,7,9
5,4,7,8
6,4,7,10
7,4,7,12
8,4,7,16
9,4,7,19
10,4,7,21
11,4,7,23
12,4,7,24
13,4,7,26
14,4,7,25
15,4,7,28
16,4,7,30
17,4,7,29
18,4,7,29
19,4,7,30
20,4,7,30
21,4,7,27
22,4,7,24
23,4,7,25
24,4,7,24
1,5,7,23
2,5,7,21
3,5,7,21
4,5,7,13
5,5,7,7
6,5,7,12
7,5,7,11
8,5,7,12
9,5,7,21
10,5,7,26
11,5,7,28
12,5,7,28
13,5,7,30
14,5,7,30
15,5,7,29
16,5,7,29
17,5,7,30
18,5,7,33
19,5,7,34
20,5,7,34
21,5,7,36
22,5,7,40
23,5,7,40
24,5,7,38
1,6,7,37
2,6,7,34
3,6,7,33
4,6,7,38
5,6,7,48
6,6,7,46
7,6,7,41
8,6,7,40
9,6,7,36
10,6,7,36
11,6,7,35
12,6,7,36
13,6,7,37
14,6,7,35
15,6,7,33
16,6,7,29
17,6,7,25
18,6,7,26
19,6,7,27
20,6,7,27
21,6,7,21
22,6,7,19
23,6,7,19
24,6,7,17
1,7,7,15
2,7,7,16
3,7,7,18
4,7,7,20
5,7,7,24
6,7,7,24
7,7,7,21
8,7,7,20
9,7,7,18
10,7,7,18
11,7,7,19
12,7,7,20
13,7,7,22
14,7,7,24
15,7,7,23
16,7,7,22
17,7,7,24
18,7,7,23
19,7,7,20
20,7,7,18
21,7,7,16
22,7,7,14
23,7,7,13
24,7,7,13
1,8,7,12
2,8,7,12
3,8,7,13
4,8,7,16
5,8,7,17
6,8,7,17
7,8,7,17
8,8,7,17
9,8,7,20
10,8,7,25
11,8,7,27
12,8,7,28
13,8,7,25
14,8,7,25
15,8,7,21
16,8,7,22
17,8,7,22
18,8,7,20
19,8,7,17
20,8,7,15
21,8,7,15
22,8,7,16
23,8,7,15
24,8,7,15
1,9,7,15
2,9,7,15
3,9,7,14
4,9,7,13
5,9,7,13
6,9,7,12
7,9,7,13
8,9,7,15
9,9,7,15
10,9,7,16
11,9,7,17
12,9,7,16
13,9,7,16
14,9,7,17
15,9,7,17
16,9,7,20
17,9,7,22
18,9,7,21
19,9,7,21
20,9,7,18
21,9,7,17
22,9,7,16
23,9,7,14
24,9,7,14
1,10,7,15
2,10,7,15
3,10,7,15
4,10,7,13
5,10,7,12
6,10,7,12
7,10,7,14
8,10,7,16
9,10,7,21
10,10,7,29
11,10,7,33
12,10,7,33
13,10,7,33
14,10,7,33
15,10,7,33
16,10,7,37
17,10,7,39
18,10,7,38
19,10,7,37
20,10,7,32
21,10,7,28
22,10,7,28
23,10,7,26
24,10,7,18
1,11,7,13
2,11,7,25
3,11,7,21
4,11,7,10
5,11,7,7
6,11,7,6
7,11,7,7
8,11,7,12
9,11,7,20
10,11,7,26
11,11,7,32
12,11,7,34
13,11,7,33
14,11,7,33
15,11,7,33
16,11,7,34
17,11,7,34
18,11,7,33
19,11,7,33
20,11,7,31
21,11,7,25
22,11,7,21
23,11,7,14
24,11,7,10
1,12,7,8
2,12,7,8
3,12,7,9
4,12,7,9
5,12,7,7
6,12,7,6
7,12,7,9
8,12,7,14
9,12,7,22
10,12,7,26
11,12,7,32
12,12,7,36
13,12,7,38
14,12,7,39
15,12,7,40
16,12,7,41
17,12,7,45
18,12,7,50
19,12,7,55
20,12,7,57
21,12,7,55
22,12,7,49
23,12,7,39
24,12,7,35
1,13,7,33
2,13,7,31
3,13,7,29
4,13,7,27
5,13,7,26
6,13,7,24
7,13,7,22
8,13,7,19
9,13,7,19
10,13,7,21
11,13,7,25
12,13,7,28
13,13,7,29
14,13,7,28
15,13,7,27
16,13,7,30
17,13,7,32
18,13,7,25
19,13,7,25
20,13,7,22
21,13,7,29
22,13,7,30
23,13,7,27
24,13,7,25
1,14,7,34
2,14,7,35
3,14,7,32
4,14,7,31
5,14,7,29
6,14,7,27
7,14,7,23
8,14,7,22
9,14,7,27
10,14,7,34
11,14,7,36
12,14,7,39
13,14,7,39
14,14,7,40
15,14,7,39
16,14,7,37
17,14,7,36
18,14,7,35
19,14,7,35
20,14,7,34
21,14,7,30
22,14,7,25
23,14,7,19
24,14,7,17
1,15,7,17
2,15,7,17
3,15,7,20
4,15,7,19
5,15,7,16
6,15,7,13
7,15,7,14
8,15,7,23
9,15,7,34
10,15,7,39
11,15,7,43
12,15,7,45
13,15,7,45
14,15,7,45
15,15,7,47
16,15,7,47
17,15,7,48
18,15,7,45
19,15,7,45
20,15,7,43
21,15,7,42
22,15,7,43
23,15,7,40
24,15,7,37
1,16,7,38
2,16,7,37
3,16,7,41
4,16,7,40
5,16,7,28
6,16,7,26
7,16,7,28
8,16,7,33
9,16,7,35
10,16,7,33
11,16,7,31
12,16,7,29
13,16,7,26
14,16,7,29
15,16,7,29
16,16,7,28
17,16,7,27
18,16,7,25
19,16,7,23
20,16,7,22
21,16,7,19
22,16,7,11
23,16,7,10
24,16,7,11
1,17,7,10
2,17,7,8
3,17,7,6
4,17,7,6
5,17,7,5
6,17,7,6
7,17,7,8
8,17,7,11
9,17,7,14
10,17,7,15
11,17,7,20
12,17,7,25
13,17,7,30
14,17,7,35
15,17,7,38
16,17,7,39
17,17,7,38
18,17,7,24
19,17,7,20
20,17,7,18
21,17,7,15
22,17,7,13
23,17,7,11
24,17,7,9
1,18,7,3
2,18,7,3
3,18,7,3
4,18,7,4
5,18,7,3
6,18,7,3
7,18,7,3
8,18,7,8
9,18,7,24
10,18,7,31
11,18,7,35
12,18,7,36
13,18,7,37
14,18,7,35
15,18,7,37
16,18,7,39
17,18,7,37
18,18,7,34
19,18,7,27
20,18,7,29
21,18,7,27
22,18,7,27
23,18,7,26
24,18,7,26
1,19,7,22
2,19,7,17
3,19,7,15
4,19,7,9
5,19,7,7
6,19,7,8
7,19,7,8
8,19,7,12
9,19,7,16
10,19,7,17
11,19,7,17
12,19,7,17
13,19,7,20
14,19,7,26
15,19,7,28
16,19,7,29
17,19,7,29
18,19,7,25
19,19,7,23
20,19,7,25
21,19,7,24
22,19,7,23
23,19,7,22
24,19,7,21
1,20,7,20
2,20,7,19
3,20,7,24
4,20,7,25
5,20,7,27
6,20,7,24
7,20,7,20
8,20,7,17
9,20,7,19
10,20,7,19
11,20,7,20
12,20,7,28
13,20,7,31
14,20,7,35
15,20,7,45
16,20,7,36
17,20,7,26
18,20,7,16
19,20,7,17
20,20,7,17
21,20,7,16
22,20,7,16
23,20,7,18
24,20,7,16
1,21,7,18
2,21,7,16
3,21,7,14
4,21,7,13
5,21,7,10
6,21,7,8
7,21,7,8
8,21,7,15
9,21,7,23
10,21,7,26
11,21,7,28
12,21,7,29
13,21,7,31
14,21,7,33
15,21,7,30
16,21,7,27
17,21,7,26
18,21,7,26
19,21,7,25
20,21,7,21
21,21,7,19
22,21,7,18
23,21,7,18
24,21,7,17
1,22,7,17
2,22,7,18
3,22,7,19
4,22,7,20
5,22,7,17
6,22,7,14
7,22,7,13
8,22,7,15
9,22,7,19
10,22,7,22
11,22,7,25
12,22,7,27
13,22,7,27
14,22,7,27
15,22,7,28
16,22,7,26
17,22,7,25
18,22,7,25
19,22,7,27
20,22,7,24
21,22,7,19
22,22,7,18
23,22,7,17
24,22,7,17
1,23,7,17
2,23,7,13
3,23,7,13
4,23,7,11
5,23,7,9
6,23,7,9
7,23,7,10
8,23,7,13
9,23,7,17
10,23,7,18
11,23,7,20
12,23,7,22
13,23,7,26
14,23,7,30
15,23,7,31
16,23,7,27
17,23,7,26
18,23,7,24
19,23,7,24
20,23,7,22
21,23,7,18
22,23,7,12
23,23,7,8
24,23,7,5
1,24,7,6
2,24,7,5
3,24,7,5
4,24,7,5
5,24,7,3
6,24,7,3
7,24,7,6
8,24,7,10
9,24,7,20
10,24,7,25
11,24,7,29
12,24,7,30
13,24,7,30
14,24,7,32
15,24,7,32
16,24,7,31
17,24,7,30
18,24,7,28
19,24,7,27
20,24,7,25
21,24,7,22
22,24,7,21
23,24,7,24
24,24,7,26
1,25,7,28
2,25,7,37
3,25,7,37
4,25,7,38
5,25,7,37
6,25,7,39
7,25,7,36
8,25,7,36
9,25,7,37
10,25,7,41
11,25,7,42
12,25,7,44
13,25,7,47
14,25,7,48
15,25,7,50
16,25,7,49
17,25,7,49
18,25,7,49
19,25,7,45
20,25,7,42
21,25,7,39
22,25,7,36
23,25,7,34
24,25,7,30
1,26,7,28
2,26,7,27
3,26,7,27
4,26,7,28
5,26,7,28
6,26,7,23
7,26,7,19
8,26,7,19
9,26,7,24
10,26,7,27
11,26,7,27
12,26,7,31
13,26,7,34
14,26,7,35
15,26,7,34
16,26,7,34
17,26,7,32
18,26,7,33
19,26,7,32
20,26,7,30
21,26,7,27
22,26,7,24
23,26,7,21
24,26,7,23
1,27,7,23
2,27,7,22
3,27,7,20
4,27,7,18
5,27,7,16
6,27,7,15
7,27,7,10
8,27,7,10
9,27,7,10
10,27,7,14
11,27,7,18
12,27,7,20
13,27,7,24
14,27,7,25
15,27,7,28
16,27,7,30
17,27,7,29
18,27,7,22
19,27,7,17
20,27,7,15
21,27,7,12
22,27,7,7
23,27,7,8
24,27,7,7
1,28,7,7
2,28,7,6
3,28,7,6
4,28,7,5
5,28,7,5
6,28,7,5
7,28,7,5
8,28,7,7
9,28,7,13
10,28,7,18
11,28,7,22
12,28,7,21
13,28,7,23
14,28,7,25
15,28,7,25
16,28,7,25
17,28,7,23
18,28,7,21
19,28,7,20
20,28,7,20
21,28,7,17
22,28,7,11
23,28,7,6
24,28,7,12
1,29,7,12
2,29,7,3
3,29,7,2
4,29,7,11
5,29,7,11
6,29,7,9
7,29,7,8
8,29,7,2
9,29,7,5
10,29,7,5
11,29,7,4
12,29,7,8
13,29,7,14
14,29,7,13
15,29,7,15
16,29,7,16
17,29,7,14
18,29,7,15
19,29,7,15
20,29,7,13
21,29,7,11
22,29,7,9
23,29,7,9
24,29,7,7
1,30,7,10
2,30,7,12
3,30,7,13
4,30,7,18
5,30,7,23
6,30,7,22
7,30,7,20
8,30,7,21
9,30,7,21
10,30,7,21
11,30,7,21
12,30,7,21
13,30,7,20
14,30,7,21
15,30,7,24
16,30,7,26
17,30,7,26
18,30,7,27
19,30,7,26
20,30,7,24
21,30,7,24
22,30,7,24
23,30,7,23
24,30,7,22
1,31,7,21
2,31,7,19
3,31,7,18
4,31,7,16
5,31,7,16
6,31,7,15
7,31,7,15
8,31,7,16
9,31,7,18
10,31,7,19
11,31,7,21
12,31,7,23
13,31,7,26
14,31,7,27
15,31,7,27
16,31,7,30
17,31,7,29
18,31,7,27
19,31,7,24
20,31,7,24
21,31,7,22
22,31,7,21
23,31,7,19
24,31,7,21
1,1,8,22
2,1,8,20
3,1,8,17
4,1,8,14
5,1,8,14
6,1,8,17
7,1,8,16
8,1,8,17
9,1,8,18
10,1,8,15
11,1,8,21
12,1,8,24
13,1,8,24
14,1,8,26
15,1,8,25
16,1,8,25
17,1,8,24
18,1,8,26
19,1,8,25
20,1,8,19
21,1,8,18
22,1,8,16
23,1,8,13
24,1,8,13
1,2,8,14
2,2,8,12
3,2,8,13
4,2,8,16
5,2,8,18
6,2,8,18
7,2,8,17
8,2,8,17
9,2,8,18
10,2,8,21
11,2,8,22
12,2,8,26
13,2,8,27
14,2,8,26
15,2,8,25
16,2,8,25
17,2,8,25
18,2,8,26
19,2,8,26
20,2,8,26
21,2,8,22
22,2,8,20
23,2,8,20
24,2,8,20
1,3,8,20
2,3,8,20
3,3,8,20
4,3,8,20
5,3,8,18
6,3,8,14
7,3,8,14
8,3,8,17
9,3,8,19
10,3,8,21
11,3,8,22
12,3,8,23
13,3,8,24
14,3,8,25
15,3,8,27
16,3,8,27
17,3,8,28
18,3,8,28
19,3,8,26
20,3,8,31
21,3,8,34
22,3,8,32
23,3,8,29
24,3,8,29
1,4,8,28
2,4,8,25
3,4,8,21
4,4,8,19
5,4,8,17
6,4,8,15
7,4,8,13
8,4,8,12
9,4,8,15
10,4,8,21
11,4,8,27
12,4,8,30
13,4,8,34
14,4,8,34
15,4,8,34
16,4,8,36
17,4,8,36
18,4,8,37
19,4,8,33
20,4,8,23
21,4,8,19
22,4,8,16
23,4,8,14
24,4,8,9
1,5,8,7
2,5,8,4
3,5,8,4
4,5,8,7
5,5,8,4
6,5,8,4
7,5,8,6
8,5,8,10
9,5,8,18
10,5,8,26
11,5,8,36
12,5,8,47
13,5,8,53
14,5,8,50
15,5,8,49
16,5,8,50
17,5,8,50
18,5,8,48
19,5,8,46
20,5,8,44
21,5,8,40
22,5,8,38
23,5,8,37
24,5,8,38
1,6,8,36
2,6,8,37
3,6,8,36
4,6,8,34
5,6,8,26
6,6,8,24
7,6,8,22
8,6,8,24
9,6,8,32
10,6,8,45
11,6,8,54
12,6,8,59
13,6,8,58
14,6,8,58
15,6,8,55
16,6,8,50
17,6,8,49
18,6,8,50
19,6,8,50
20,6,8,56
21,6,8,54
22,6,8,51
23,6,8,48
24,6,8,47
1,7,8,47
2,7,8,49
3,7,8,48
4,7,8,47
5,7,8,42
6,7,8,41
7,7,8,42
8,7,8,38
9,7,8,39
10,7,8,42
11,7,8,42
12,7,8,44
13,7,8,45
14,7,8,47
15,7,8,45
16,7,8,43
17,7,8,43
18,7,8,38
19,7,8,34
20,7,8,28
21,7,8,26
22,7,8,22
23,7,8,18
24,7,8,18
1,8,8,18
2,8,8,19
3,8,8,20
4,8,8,19
5,8,8,17
6,8,8,14
7,8,8,12
8,8,8,12
9,8,8,17
10,8,8,21
11,8,8,24
12,8,8,28
13,8,8,31
14,8,8,32
15,8,8,33
16,8,8,35
17,8,8,37
18,8,8,36
19,8,8,37
20,8,8,37
21,8,8,35
22,8,8,32
23,8,8,33
24,8,8,35
1,9,8,34
2,9,8,30
3,9,8,29
4,9,8,24
5,9,8,20
6,9,8,15
7,9,8,12
8,9,8,10
9,9,8,19
10,9,8,31
11,9,8,36
12,9,8,39
13,9,8,43
14,9,8,43
15,9,8,48
16,9,8,49
17,9,8,49
18,9,8,45
19,9,8,43
20,9,8,40
21,9,8,37
22,9,8,33
23,9,8,31
24,9,8,25
1,10,8,22
2,10,8,21
3,10,8,19
4,10,8,18
5,10,8,17
6,10,8,15
7,10,8,18
8,10,8,22
9,10,8,25
10,10,8,32
11,10,8,39
12,10,8,40
13,10,8,47
14,10,8,49
15,10,8,48
16,10,8,46
17,10,8,43
18,10,8,42
19,10,8,34
20,10,8,35
21,10,8,32
22,10,8,30
23,10,8,25
24,10,8,20
1,11,8,29
2,11,8,33
3,11,8,32
4,11,8,27
5,11,8,26
6,11,8,23
7,11,8,21
8,11,8,21
9,11,8,29
10,11,8,33
11,11,8,37
12,11,8,39
13,11,8,41
14,11,8,38
15,11,8,42
16,11,8,44
17,11,8,40
18,11,8,43
19,11,8,45
20,11,8,45
21,11,8,46
22,11,8,47
23,11,8,46
24,11,8,40
1,12,8,36
2,12,8,37
3,12,8,37
4,12,8,36
5,12,8,34
6,12,8,32
7,12,8,33
8,12,8,35
9,12,8,37
10,12,8,37
11,12,8,40
12,12,8,41
13,12,8,41
14,12,8,43
15,12,8,43
16,12,8,44
17,12,8,37
18,12,8,36
19,12,8,36
20,12,8,32
21,12,8,33
22,12,8,34
23,12,8,37
24,12,8,37
1,13,8,36
2,13,8,33
3,13,8,28
4,13,8,26
5,13,8,26
6,13,8,22
7,13,8,24
8,13,8,26
9,13,8,30
10,13,8,36
11,13,8,39
12,13,8,44
13,13,8,47
14,13,8,43
15,13,8,43
16,13,8,41
17,13,8,37
18,13,8,33
19,13,8,29
20,13,8,25
21,13,8,18
22,13,8,13
23,13,8,17
24,13,8,23
1,14,8,23
2,14,8,23
3,14,8,26
4,14,8,28
5,14,8,28
6,14,8,26
7,14,8,24
8,14,8,23
9,14,8,23
10,14,8,23
11,14,8,26
12,14,8,32
13,14,8,32
14,14,8,32
15,14,8,33
16,14,8,32
17,14,8,31
18,14,8,29
19,14,8,27
20,14,8,25
21,14,8,22
22,14,8,21
23,14,8,20
24,14,8,19
1,15,8,17
2,15,8,17
3,15,8,17
4,15,8,15
5,15,8,15
6,15,8,15
7,15,8,15
8,15,8,17
9,15,8,21
10,15,8,29
11,15,8,34
12,15,8,34
13,15,8,34
14,15,8,36
15,15,8,36
16,15,8,34
17,15,8,34
18,15,8,34
19,15,8,32
20,15,8,28
21,15,8,21
22,15,8,24
23,15,8,29
24,15,8,30
1,16,8,29
2,16,8,30
3,16,8,23
4,16,8,14
5,16,8,8
6,16,8,3
7,16,8,4
8,16,8,10
9,16,8,13
10,16,8,30
11,16,8,38
12,16,8,41
13,16,8,42
14,16,8,40
15,16,8,39
16,16,8,42
17,16,8,43
18,16,8,43
19,16,8,40
20,16,8,35
21,16,8,31
22,16,8,28
23,16,8,25
24,16,8,14
1,17,8,10
2,17,8,13
3,17,8,14
4,17,8,13
5,17,8,15
6,17,8,15
7,17,8,15
8,17,8,15
9,17,8,15
10,17,8,15
11,17,8,19
12,17,8,22
13,17,8,31
14,17,8,27
15,17,8,25
16,17,8,25
17,17,8,24
18,17,8,23
19,17,8,21
20,17,8,19
21,17,8,19
22,17,8,18
23,17,8,16
24,17,8,14
1,18,8,13
2,18,8,12
3,18,8,10
4,18,8,9
5,18,8,5
6,18,8,2
7,18,8,1
8,18,8,2
9,18,8,8
10,18,8,13
11,18,8,20
12,18,8,26
13,18,8,30
14,18,8,38
15,18,8,39
16,18,8,41
17,18,8,42
18,18,8,40
19,18,8,32
20,18,8,28
21,18,8,23
22,18,8,19
23,18,8,19
24,18,8,18
1,19,8,16
2,19,8,14
3,19,8,12
4,19,8,7
5,19,8,6
6,19,8,6
7,19,8,5
8,19,8,6
9,19,8,9
10,19,8,15
11,19,8,21
12,19,8,28
13,19,8,30
14,19,8,33
15,19,8,30
16,19,8,32
17,19,8,33
18,19,8,31
19,19,8,31
20,19,8,27
21,19,8,25
22,19,8,20
23,19,8,11
24,19,8,7
1,20,8,6
2,20,8,6
3,20,8,8
4,20,8,7
5,20,8,8
6,20,8,8
7,20,8,5
8,20,8,7
9,20,8,11
10,20,8,16
11,20,8,22
12,20,8,26
13,20,8,29
14,20,8,31
15,20,8,32
16,20,8,28
17,20,8,26
18,20,8,25
19,20,8,25
20,20,8,21
21,20,8,15
22,20,8,11
23,20,8,9
24,20,8,8
1,21,8,7
2,21,8,4
3,21,8,3
4,21,8,3
5,21,8,3
6,21,8,2
7,21,8,3
8,21,8,7
9,21,8,14
10,21,8,23
11,21,8,25
12,21,8,28
13,21,8,30
14,21,8,31
15,21,8,33
16,21,8,32
17,21,8,32
18,21,8,35
19,21,8,43
20,21,8,30
21,21,8,27
22,21,8,31
23,21,8,27
24,21,8,23
1,22,8,21
2,22,8,18
3,22,8,19
4,22,8,16
5,22,8,15
6,22,8,13
7,22,8,12
8,22,8,15
9,22,8,19
10,22,8,23
11,22,8,25
12,22,8,28
13,22,8,29
14,22,8,30
15,22,8,31
16,22,8,32
17,22,8,32
18,22,8,34
19,22,8,36
20,22,8,32
21,22,8,30
22,22,8,28
23,22,8,21
24,22,8,18
1,23,8,18
2,23,8,16
3,23,8,15
4,23,8,14
5,23,8,15
6,23,8,14
7,23,8,13
8,23,8,14
9,23,8,15
10,23,8,19
11,23,8,22
12,23,8,23
13,23,8,25
14,23,8,25
15,23,8,26
16,23,8,27
17,23,8,28
18,23,8,29
19,23,8,28
20,23,8,25
21,23,8,19
22,23,8,20
23,23,8,20
24,23,8,14
1,24,8,14
2,24,8,17
3,24,8,14
4,24,8,14
5,24,8,14
6,24,8,11
7,24,8,13
8,24,8,17
9,24,8,20
10,24,8,24
11,24,8,30
12,24,8,35
13,24,8,39
14,24,8,39
15,24,8,37
16,24,8,36
17,24,8,37
18,24,8,38
19,24,8,35
20,24,8,32
21,24,8,27
22,24,8,21
23,24,8,15
24,24,8,20
1,25,8,10
2,25,8,8
3,25,8,6
4,25,8,5
5,25,8,5
6,25,8,4
7,25,8,6
8,25,8,11
9,25,8,18
10,25,8,33
11,25,8,44
12,25,8,54
13,25,8,57
14,25,8,54
15,25,8,53
16,25,8,50
17,25,8,52
18,25,8,52
19,25,8,49
20,25,8,49
21,25,8,47
22,25,8,45
23,25,8,45
24,25,8,42
1,26,8,41
2,26,8,37
3,26,8,34
4,26,8,34
5,26,8,32
6,26,8,28
7,26,8,24
8,26,8,27
9,26,8,32
10,26,8,33
11,26,8,39
12,26,8,46
13,26,8,49
14,26,8,47
15,26,8,46
16,26,8,44
17,26,8,43
18,26,8,41
19,26,8,37
20,26,8,32
21,26,8,29
22,26,8,30
23,26,8,29
24,26,8,27
1,27,8,26
2,27,8,26
3,27,8,25
4,27,8,24
5,27,8,21
6,27,8,19
7,27,8,18
8,27,8,22
9,27,8,24
10,27,8,24
11,27,8,25
12,27,8,28
13,27,8,29
14,27,8,27
15,27,8,26
16,27,8,25
17,27,8,25
18,27,8,24
19,27,8,25
20,27,8,23
21,27,8,22
22,27,8,21
23,27,8,20
24,27,8,20
1,28,8,18
2,28,8,21
3,28,8,20
4,28,8,22
5,28,8,24
6,28,8,26
7,28,8,26
8,28,8,25
9,28,8,25
10,28,8,24
11,28,8,24
12,28,8,25
13,28,8,25
14,28,8,24
15,28,8,25
16,28,8,25
17,28,8,25
18,28,8,23
19,28,8,22
20,28,8,20
21,28,8,17
22,28,8,14
23,28,8,14
24,28,8,12
1,29,8,12
2,29,8,11
3,29,8,10
4,29,8,8
5,29,8,7
6,29,8,7
7,29,8,6
8,29,8,6
9,29,8,6
10,29,8,6
11,29,8,5
12,29,8,5
13,29,8,6
14,29,8,7
15,29,8,7
16,29,8,7
17,29,8,7
18,29,8,7
19,29,8,4
20,29,8,3
21,29,8,2
22,29,8,12
23,29,8,20
24,29,8,25
1,30,8,24
2,30,8,21
3,30,8,20
4,30,8,19
5,30,8,18
6,30,8,20
7,30,8,19
8,30,8,20
9,30,8,30
10,30,8,36
11,30,8,37
12,30,8,38
13,30,8,38
14,30,8,38
15,30,8,38
16,30,8,37
17,30,8,36
18,30,8,35
19,30,8,33
20,30,8,32
21,30,8,35
22,30,8,35
23,30,8,33
24,30,8,30
1,31,8,29
2,31,8,26
3,31,8,25
4,31,8,24
5,31,8,22
6,31,8,19
7,31,8,17
8,31,8,17
9,31,8,19
10,31,8,22
11,31,8,23
12,31,8,28
13,31,8,30
14,31,8,30
15,31,8,32
16,31,8,33
17,31,8,34
18,31,8,33
19,31,8,29
20,31,8,27
21,31,8,25
22,31,8,23
23,31,8,22
24,31,8,20
1,1,9,19
2,1,9,18
3,1,9,18
4,1,9,18
5,1,9,18
6,1,9,17
7,1,9,18
8,1,9,20
9,1,9,24
10,1,9,23
11,1,9,28
12,1,9,29
13,1,9,30
14,1,9,30
15,1,9,30
16,1,9,30
17,1,9,30
18,1,9,29
19,1,9,28
20,1,9,24
21,1,9,22
22,1,9,21
23,1,9,25
24,1,9,26
1,2,9,26
2,2,9,27
3,2,9,25
4,2,9,23
5,2,9,21
6,2,9,19
7,2,9,18
8,2,9,19
9,2,9,20
10,2,9,19
11,2,9,19
12,2,9,18
13,2,9,18
14,2,9,17
15,2,9,16
16,2,9,15
17,2,9,14
18,2,9,13
19,2,9,13
20,2,9,14
21,2,9,14
22,2,9,13
23,2,9,12
24,2,9,12
1,3,9,11
2,3,9,10
3,3,9,10
4,3,9,9
5,3,9,9
6,3,9,7
7,3,9,5
8,3,9,9
9,3,9,11
10,3,9,11
11,3,9,12
12,3,9,13
13,3,9,12
14,3,9,13
15,3,9,12
16,3,9,11
17,3,9,10
18,3,9,9
19,3,9,8
20,3,9,7
21,3,9,6
22,3,9,8
23,3,9,9
24,3,9,9
1,4,9,9
2,4,9,8
3,4,9,8
4,4,9,8
5,4,9,8
6,4,9,7
7,4,9,6
8,4,9,7
9,4,9,9
10,4,9,13
11,4,9,16
12,4,9,18
13,4,9,19
14,4,9,21
15,4,9,21
16,4,9,22
17,4,9,26
18,4,9,23
19,4,9,20
20,4,9,18
21,4,9,18
22,4,9,21
23,4,9,22
24,4,9,22
1,5,9,21
2,5,9,13
3,5,9,15
4,5,9,13
5,5,9,12
6,5,9,13
7,5,9,12
8,5,9,9
9,5,9,16
10,5,9,24
11,5,9,29
12,5,9,34
13,5,9,37
14,5,9,36
15,5,9,39
16,5,9,37
17,5,9,36
18,5,9,35
19,5,9,32
20,5,9,30
21,5,9,30
22,5,9,29
23,5,9,30
24,5,9,28
1,6,9,26
2,6,9,27
3,6,9,28
4,6,9,27
5,6,9,27
6,6,9,24
7,6,9,21
8,6,9,22
9,6,9,23
10,6,9,24
11,6,9,23
12,6,9,25
13,6,9,21
14,6,9,23
15,6,9,28
16,6,9,26
17,6,9,22
18,6,9,22
19,6,9,18
20,6,9,16
21,6,9,17
22,6,9,15
23,6,9,15
24,6,9,13
1,7,9,13
2,7,9,13
3,7,9,12
4,7,9,12
5,7,9,12
6,7,9,9
7,7,9,9
8,7,9,10
9,7,9,12
10,7,9,18
11,7,9,24
12,7,9,25
13,7,9,26
14,7,9,27
15,7,9,29
16,7,9,28
17,7,9,26
18,7,9,23
19,7,9,23
20,7,9,28
21,7,9,27
22,7,9,26
23,7,9,22
24,7,9,23
1,8,9,23
2,8,9,22
3,8,9,24
4,8,9,30
5,8,9,36
6,8,9,37
7,8,9,39
8,8,9,41
9,8,9,40
10,8,9,43
11,8,9,40
12,8,9,37
13,8,9,40
14,8,9,44
15,8,9,47
16,8,9,46
17,8,9,44
18,8,9,44
19,8,9,42
20,8,9,40
21,8,9,39
22,8,9,35
23,8,9,33
24,8,9,30
1,9,9,25
2,9,9,26
3,9,9,22
4,9,9,21
5,9,9,18
6,9,9,14
7,9,9,8
8,9,9,12
9,9,9,18
10,9,9,23
11,9,9,25
12,9,9,26
13,9,9,25
14,9,9,27
15,9,9,25
16,9,9,23
17,9,9,20
18,9,9,17
19,9,9,16
20,9,9,15
21,9,9,16
22,9,9,17
23,9,9,17
24,9,9,17
1,10,9,16
2,10,9,15
3,10,9,15
4,10,9,14
5,10,9,14
6,10,9,12
7,10,9,12
8,10,9,13
9,10,9,18
10,10,9,22
11,10,9,27
12,10,9,30
13,10,9,31
14,10,9,32
15,10,9,32
16,10,9,30
17,10,9,29
18,10,9,25
19,10,9,24
20,10,9,23
21,10,9,24
22,10,9,22
23,10,9,21
24,10,9,21
1,11,9,19
2,11,9,18
3,11,9,19
4,11,9,18
5,11,9,16
6,11,9,15
7,11,9,13
8,11,9,17
9,11,9,20
10,11,9,23
11,11,9,28
12,11,9,29
13,11,9,33
14,11,9,39
15,11,9,42
16,11,9,44
17,11,9,45
18,11,9,44
19,11,9,43
20,11,9,43
21,11,9,43
22,11,9,41
23,11,9,40
24,11,9,38
1,12,9,37
2,12,9,41
3,12,9,39
4,12,9,35
5,12,9,32
6,12,9,29
7,12,9,26
8,12,9,27
9,12,9,26
10,12,9,26
11,12,9,26
12,12,9,26
13,12,9,25
14,12,9,26
15,12,9,25
16,12,9,24
17,12,9,24
18,12,9,22
19,12,9,19
20,12,9,17
21,12,9,14
22,12,9,10
23,12,9,11
24,12,9,11
1,13,9,10
2,13,9,9
3,13,9,8
4,13,9,7
5,13,9,7
6,13,9,6
7,13,9,8
8,13,9,9
9,13,9,12
10,13,9,17
11,13,9,18
12,13,9,22
13,13,9,22
14,13,9,21
15,13,9,21
16,13,9,21
17,13,9,21
18,13,9,20
19,13,9,20
20,13,9,18
21,13,9,16
22,13,9,13
23,13,9,12
24,13,9,12
1,14,9,10
2,14,9,10
3,14,9,8
4,14,9,8
5,14,9,7
6,14,9,5
7,14,9,4
8,14,9,6
9,14,9,10
10,14,9,13
11,14,9,16
12,14,9,20
13,14,9,23
14,14,9,25
15,14,9,27
16,14,9,27
17,14,9,25
18,14,9,24
19,14,9,23
20,14,9,22
21,14,9,20
22,14,9,19
23,14,9,17
24,14,9,20
1,15,9,42
2,15,9,42
3,15,9,43
4,15,9,42
5,15,9,39
6,15,9,32
7,15,9,23
8,15,9,22
9,15,9,21
10,15,9,20
11,15,9,19
12,15,9,19
13,15,9,21
14,15,9,22
15,15,9,22
16,15,9,22
17,15,9,22
18,15,9,20
19,15,9,17
20,15,9,11
21,15,9,7
22,15,9,1
23,15,9,2
24,15,9,1
1,16,9,2
2,16,9,1
3,16,9,1
4,16,9,0
5,16,9,2
6,16,9,1
7,16,9,2
8,16,9,5
9,16,9,7
10,16,9,8
11,16,9,18
12,16,9,27
13,16,9,31
14,16,9,33
15,16,9,34
16,16,9,34
17,16,9,33
18,16,9,32
19,16,9,24
20,16,9,22
21,16,9,19
22,16,9,17
23,16,9,17
24,16,9,9
1,17,9,11
2,17,9,11
3,17,9,9
4,17,9,8
5,17,9,11
6,17,9,9
7,17,9,7
8,17,9,9
9,17,9,13
10,17,9,15
11,17,9,17
12,17,9,25
13,17,9,32
14,17,9,40
15,17,9,41
16,17,9,41
17,17,9,41
18,17,9,39
19,17,9,37
20,17,9,34
21,17,9,32
22,17,9,30
23,17,9,27
24,17,9,25
1,18,9,24
2,18,9,21
3,18,9,17
4,18,9,17
5,18,9,19
6,18,9,31
7,18,9,29
8,18,9,27
9,18,9,26
10,18,9,27
11,18,9,28
12,18,9,28
13,18,9,26
14,18,9,25
15,18,9,24
16,18,9,24
17,18,9,23
18,18,9,21
19,18,9,18
20,18,9,17
21,18,9,14
22,18,9,13
23,18,9,12
24,18,9,12
1,19,9,12
2,19,9,11
3,19,9,11
4,19,9,10
5,19,9,9
6,19,9,8
7,19,9,8
8,19,9,9
9,19,9,10
10,19,9,16
11,19,9,19
12,19,9,20
13,19,9,22
14,19,9,25
15,19,9,26
16,19,9,26
17,19,9,26
18,19,9,24
19,19,9,19
20,19,9,10
21,19,9,6
22,19,9,5
23,19,9,3
24,19,9,3
1,20,9,3
2,20,9,3
3,20,9,3
4,20,9,4
5,20,9,2
6,20,9,2
7,20,9,3
8,20,9,5
9,20,9,10
10,20,9,14
11,20,9,19
12,20,9,26
13,20,9,31
14,20,9,29
15,20,9,31
16,20,9,33
17,20,9,30
18,20,9,26
19,20,9,20
20,20,9,18
21,20,9,15
22,20,9,18
23,20,9,16
24,20,9,16
1,21,9,22
2,21,9,25
3,21,9,25
4,21,9,24
5,21,9,22
6,21,9,22
7,21,9,20
8,21,9,15
9,21,9,24
10,21,9,26
11,21,9,28
12,21,9,30
13,21,9,30
14,21,9,29
15,21,9,28
16,21,9,25
17,21,9,26
18,21,9,25
19,21,9,24
20,21,9,24
21,21,9,26
22,21,9,26
23,21,9,26
24,21,9,26
1,22,9,26
2,22,9,24
3,22,9,19
4,22,9,18
5,22,9,19
6,22,9,14
7,22,9,13
8,22,9,18
9,22,9,16
10,22,9,15
11,22,9,18
12,22,9,16
13,22,9,18
14,22,9,21
15,22,9,20
16,22,9,18
17,22,9,13
18,22,9,9
19,22,9,10
20,22,9,10
21,22,9,10
22,22,9,9
23,22,9,10
24,22,9,8
1,23,9,10
2,23,9,10
3,23,9,10
4,23,9,9
5,23,9,7
6,23,9,4
7,23,9,12
8,23,9,14
9,23,9,13
10,23,9,14
11,23,9,16
12,23,9,19
13,23,9,19
14,23,9,20
15,23,9,21
16,23,9,21
17,23,9,22
18,23,9,23
19,23,9,22
20,23,9,22
21,23,9,26
22,23,9,37
23,23,9,35
24,23,9,31
1,24,9,26
2,24,9,21
3,24,9,20
4,24,9,20
5,24,9,24
6,24,9,21
7,24,9,19
8,24,9,21
9,24,9,22
10,24,9,23
11,24,9,25
12,24,9,27
13,24,9,26
14,24,9,27
15,24,9,26
16,24,9,29
17,24,9,29
18,24,9,30
19,24,9,28
20,24,9,28
21,24,9,27
22,24,9,26
23,24,9,23
24,24,9,21
1,25,9,21
2,25,9,15
3,25,9,14
4,25,9,13
5,25,9,10
6,25,9,9
7,25,9,4
8,25,9,7
9,25,9,13
10,25,9,19
11,25,9,30
12,25,9,37
13,25,9,39
14,25,9,40
15,25,9,41
16,25,9,41
17,25,9,41
18,25,9,37
19,25,9,34
20,25,9,32
21,25,9,32
22,25,9,30
23,25,9,31
24,25,9,34
1,26,9,32
2,26,9,33
3,26,9,30
4,26,9,29
5,26,9,27
6,26,9,26
7,26,9,24
8,26,9,24
9,26,9,26
10,26,9,26
11,26,9,27
12,26,9,29
13,26,9,30
14,26,9,28
15,26,9,30
16,26,9,28
17,26,9,26
18,26,9,24
19,26,9,22
20,26,9,20
21,26,9,21
22,26,9,20
23,26,9,19
24,26,9,13
1,27,9,14
2,27,9,16
3,27,9,15
4,27,9,17
5,27,9,16
6,27,9,14
7,27,9,10
8,27,9,9
9,27,9,11
10,27,9,13
11,27,9,13
12,27,9,13
13,27,9,14
14,27,9,19
15,27,9,19
16,27,9,18
17,27,9,18
18,27,9,19
19,27,9,17
20,27,9,16
21,27,9,13
22,27,9,13
23,27,9,16
24,27,9,17
1,28,9,17
2,28,9,18
3,28,9,17
4,28,9,15
5,28,9,14
6,28,9,12
7,28,9,12
8,28,9,15
9,28,9,18
10,28,9,22
11,28,9,21
12,28,9,22
13,28,9,23
14,28,9,24
15,28,9,25
16,28,9,25
17,28,9,24
18,28,9,22
19,28,9,22
20,28,9,21
21,28,9,17
22,28,9,18
23,28,9,17
24,28,9,17
1,29,9,16
2,29,9,17
3,29,9,18
4,29,9,15
5,29,9,12
6,29,9,13
7,29,9,12
8,29,9,10
9,29,9,11
10,29,9,15
11,29,9,16
12,29,9,16
13,29,9,15
14,29,9,15
15,29,9,16
16,29,9,16
17,29,9,16
18,29,9,14
19,29,9,11
20,29,9,8
21,29,9,8
22,29,9,11
23,29,9,11
24,29,9,10
1,30,9,9
2,30,9,7
3,30,9,6
4,30,9,7
5,30,9,6
6,30,9,7
7,30,9,7
8,30,9,9
9,30,9,12
10,30,9,14
11,30,9,9999
12,30,9,9999
13,30,9,21
14,30,9,21
15,30,9,21
16,30,9,21
17,30,9,22
18,30,9,18
19,30,9,14
20,30,9,9
21,30,9,7
22,30,9,12
23,30,9,12
24,30,9,11
1,1,10,11
2,1,10,10
3,1,10,9
4,1,10,7
5,1,10,6
6,1,10,5
7,1,10,4
8,1,10,4
9,1,10,6
10,1,10,7
11,1,10,10
12,1,10,16
13,1,10,19
14,1,10,20
15,1,10,21
16,1,10,21
17,1,10,21
18,1,10,19
19,1,10,16
20,1,10,12
21,1,10,7
22,1,10,1
23,1,10,5
24,1,10,5
1,2,10,11
2,2,10,11
3,2,10,10
4,2,10,9
5,2,10,8
6,2,10,7
7,2,10,6
8,2,10,5
9,2,10,4
10,2,10,5
11,2,10,5
12,2,10,5
13,2,10,8
14,2,10,9
15,2,10,10
16,2,10,10
17,2,10,8
18,2,10,9
19,2,10,9
20,2,10,9
21,2,10,9
22,2,10,9
23,2,10,10
24,2,10,11
1,3,10,12
2,3,10,12
3,3,10,12
4,3,10,13
5,3,10,12
6,3,10,11
7,3,10,12
8,3,10,13
9,3,10,16
10,3,10,17
11,3,10,16
12,3,10,18
13,3,10,16
14,3,10,17
15,3,10,15
16,3,10,15
17,3,10,13
18,3,10,11
19,3,10,9
20,3,10,9
21,3,10,10
22,3,10,12
23,3,10,14
24,3,10,16
1,4,10,16
2,4,10,15
3,4,10,15
4,4,10,14
5,4,10,14
6,4,10,12
7,4,10,13
8,4,10,16
9,4,10,16
10,4,10,15
11,4,10,15
12,4,10,15
13,4,10,17
14,4,10,18
15,4,10,17
16,4,10,17
17,4,10,18
18,4,10,17
19,4,10,15
20,4,10,16
21,4,10,15
22,4,10,17
23,4,10,19
24,4,10,16
1,5,10,16
2,5,10,16
3,5,10,16
4,5,10,16
5,5,10,15
6,5,10,11
7,5,10,10
8,5,10,11
9,5,10,13
10,5,10,16
11,5,10,19
12,5,10,22
13,5,10,24
14,5,10,26
15,5,10,26
16,5,10,25
17,5,10,23
18,5,10,16
19,5,10,8
20,5,10,11
21,5,10,6
22,5,10,3
23,5,10,2
24,5,10,2
1,6,10,2
2,6,10,2
3,6,10,3
4,6,10,5
5,6,10,4
6,6,10,3
7,6,10,1
8,6,10,4
9,6,10,7
10,6,10,13
11,6,10,15
12,6,10,21
13,6,10,27
14,6,10,33
15,6,10,36
16,6,10,37
17,6,10,37
18,6,10,33
19,6,10,14
20,6,10,12
21,6,10,7
22,6,10,5
23,6,10,2
24,6,10,3
1,7,10,2
2,7,10,2
3,7,10,2
4,7,10,2
5,7,10,3
6,7,10,2
7,7,10,2
8,7,10,3
9,7,10,4
10,7,10,8
11,7,10,8
12,7,10,23
13,7,10,36
14,7,10,38
15,7,10,38
16,7,10,35
17,7,10,33
18,7,10,31
19,7,10,27
20,7,10,22
21,7,10,18
22,7,10,16
23,7,10,12
24,7,10,10
1,8,10,10
2,8,10,10
3,8,10,10
4,8,10,10
5,8,10,10
6,8,10,5
7,8,10,2
8,8,10,4
9,8,10,8
10,8,10,15
11,8,10,21
12,8,10,24
13,8,10,28
14,8,10,30
15,8,10,29
16,8,10,31
17,8,10,30
18,8,10,29
19,8,10,28
20,8,10,23
21,8,10,23
22,8,10,22
23,8,10,22
24,8,10,21
1,9,10,19
2,9,10,16
3,9,10,15
4,9,10,13
5,9,10,14
6,9,10,13
7,9,10,13
8,9,10,13
9,9,10,14
10,9,10,15
11,9,10,18
12,9,10,21
13,9,10,23
14,9,10,23
15,9,10,25
16,9,10,25
17,9,10,22
18,9,10,26
19,9,10,25
20,9,10,23
21,9,10,20
22,9,10,17
23,9,10,21
24,9,10,20
1,10,10,21
2,10,10,21
3,10,10,20
4,10,10,20
5,10,10,18
6,10,10,16
7,10,10,15
8,10,10,13
9,10,10,12
10,10,10,11
11,10,10,13
12,10,10,18
13,10,10,25
14,10,10,27
15,10,10,26
16,10,10,24
17,10,10,21
18,10,10,11
19,10,10,8
20,10,10,12
21,10,10,15
22,10,10,12
23,10,10,14
24,10,10,13
1,11,10,12
2,11,10,7
3,11,10,7
4,11,10,9
5,11,10,13
6,11,10,12
7,11,10,12
8,11,10,21
9,11,10,24
10,11,10,27
11,11,10,29
12,11,10,30
13,11,10,30
14,11,10,32
15,11,10,34
16,11,10,34
17,11,10,33
18,11,10,31
19,11,10,27
20,11,10,19
21,11,10,22
22,11,10,16
23,11,10,15
24,11,10,10
1,12,10,11
2,12,10,15
3,12,10,13
4,12,10,12
5,12,10,10
6,12,10,10
7,12,10,7
8,12,10,6
9,12,10,9
10,12,10,14
11,12,10,23
12,12,10,29
13,12,10,33
14,12,10,34
15,12,10,36
16,12,10,35
17,12,10,34
18,12,10,27
19,12,10,16
20,12,10,12
21,12,10,4
22,12,10,2
23,12,10,4
24,12,10,7
1,13,10,6
2,13,10,13
3,13,10,13
4,13,10,10
5,13,10,6
6,13,10,4
7,13,10,10
8,13,10,7
9,13,10,11
10,13,10,11
11,13,10,12
12,13,10,16
13,13,10,12
14,13,10,11
15,13,10,11
16,13,10,10
17,13,10,7
18,13,10,4
19,13,10,5
20,13,10,4
21,13,10,4
22,13,10,4
23,13,10,3
24,13,10,5
1,14,10,11
2,14,10,10
3,14,10,11
4,14,10,16
5,14,10,15
6,14,10,15
7,14,10,10
8,14,10,8
9,14,10,10
10,14,10,11
11,14,10,12
12,14,10,12
13,14,10,15
14,14,10,20
15,14,10,25
16,14,10,30
17,14,10,24
18,14,10,16
19,14,10,13
20,14,10,12
21,14,10,14
22,14,10,13
23,14,10,16
24,14,10,9
1,15,10,8
2,15,10,9
3,15,10,10
4,15,10,14
5,15,10,14
6,15,10,12
7,15,10,9
8,15,10,7
9,15,10,6
10,15,10,6
11,15,10,10
12,15,10,12
13,15,10,15
14,15,10,18
15,15,10,20
16,15,10,20
17,15,10,18
18,15,10,13
19,15,10,13
20,15,10,16
21,15,10,15
22,15,10,12
23,15,10,9
24,15,10,8
1,16,10,9
2,16,10,8
3,16,10,5
4,16,10,7
5,16,10,6
6,16,10,7
7,16,10,8
8,16,10,9
9,16,10,8
10,16,10,20
11,16,10,18
12,16,10,21
13,16,10,26
14,16,10,23
15,16,10,20
16,16,10,23
17,16,10,27
18,16,10,31
19,16,10,24
20,16,10,26
21,16,10,28
22,16,10,28
23,16,10,27
24,16,10,26
1,17,10,24
2,17,10,22
3,17,10,21
4,17,10,19
5,17,10,19
6,17,10,15
7,17,10,15
8,17,10,17
9,17,10,18
10,17,10,17
11,17,10,17
12,17,10,18
13,17,10,18
14,17,10,19
15,17,10,18
16,17,10,17
17,17,10,14
18,17,10,16
19,17,10,17
20,17,10,18
21,17,10,19
22,17,10,19
23,17,10,19
24,17,10,20
1,18,10,19
2,18,10,19
3,18,10,19
4,18,10,20
5,18,10,19
6,18,10,17
7,18,10,17
8,18,10,16
9,18,10,15
10,18,10,15
11,18,10,15
12,18,10,15
13,18,10,14
14,18,10,14
15,18,10,13
16,18,10,12
17,18,10,11
18,18,10,11
19,18,10,10
20,18,10,11
21,18,10,16
22,18,10,23
23,18,10,25
24,18,10,25
1,19,10,24
2,19,10,21
3,19,10,20
4,19,10,18
5,19,10,18
6,19,10,15
7,19,10,14
8,19,10,13
9,19,10,15
10,19,10,16
11,19,10,17
12,19,10,19
13,19,10,18
14,19,10,22
15,19,10,28
16,19,10,29
17,19,10,26
18,19,10,25
19,19,10,24
20,19,10,18
21,19,10,10
22,19,10,15
23,19,10,23
24,19,10,26
1,20,10,26
2,20,10,19
3,20,10,19
4,20,10,20
5,20,10,19
6,20,10,18
7,20,10,14
8,20,10,13
9,20,10,16
10,20,10,24
11,20,10,27
12,20,10,30
13,20,10,34
14,20,10,37
15,20,10,37
16,20,10,35
17,20,10,32
18,20,10,32
19,20,10,29
20,20,10,28
21,20,10,26
22,20,10,20
23,20,10,24
24,20,10,21
1,21,10,17
2,21,10,16
3,21,10,17
4,21,10,17
5,21,10,17
6,21,10,15
7,21,10,11
8,21,10,6
9,21,10,4
10,21,10,8
11,21,10,7
12,21,10,6
13,21,10,7
14,21,10,6
15,21,10,8
16,21,10,8
17,21,10,5
18,21,10,4
19,21,10,6
20,21,10,5
21,21,10,5
22,21,10,4
23,21,10,4
24,21,10,5
1,22,10,3
2,22,10,12
3,22,10,11
4,22,10,9
5,22,10,11
6,22,10,14
7,22,10,15
8,22,10,17
9,22,10,19
10,22,10,20
11,22,10,20
12,22,10,21
13,22,10,20
14,22,10,19
15,22,10,20
16,22,10,21
17,22,10,20
18,22,10,20
19,22,10,18
20,22,10,16
21,22,10,14
22,22,10,13
23,22,10,14
24,22,10,13
1,23,10,11
2,23,10,10
3,23,10,9
4,23,10,9
5,23,10,9
6,23,10,9
7,23,10,9
8,23,10,10
9,23,10,13
10,23,10,18
11,23,10,20
12,23,10,21
13,23,10,20
14,23,10,21
15,23,10,21
16,23,10,21
17,23,10,20
18,23,10,17
19,23,10,15
20,23,10,10
21,23,10,2
22,23,10,2
23,23,10,1
24,23,10,2
1,24,10,3
2,24,10,2
3,24,10,8
4,24,10,12
5,24,10,11
6,24,10,12
7,24,10,5
8,24,10,6
9,24,10,10
10,24,10,13
11,24,10,21
12,24,10,22
13,24,10,22
14,24,10,26
15,24,10,26
16,24,10,25
17,24,10,22
18,24,10,15
19,24,10,12
20,24,10,13
21,24,10,12
22,24,10,6
23,24,10,7
24,24,10,8
1,25,10,10
2,25,10,17
3,25,10,16
4,25,10,18
5,25,10,18
6,25,10,17
7,25,10,16
8,25,10,16
9,25,10,15
10,25,10,17
11,25,10,18
12,25,10,19
13,25,10,22
14,25,10,24
15,25,10,25
16,25,10,24
17,25,10,22
18,25,10,22
19,25,10,21
20,25,10,22
21,25,10,22
22,25,10,21
23,25,10,20
24,25,10,19
1,26,10,18
2,26,10,18
3,26,10,18
4,26,10,16
5,26,10,16
6,26,10,15
7,26,10,14
8,26,10,15
9,26,10,17
10,26,10,17
11,26,10,18
12,26,10,19
13,26,10,19
14,26,10,18
15,26,10,16
16,26,10,15
17,26,10,17
18,26,10,19
19,26,10,20
20,26,10,22
21,26,10,20
22,26,10,17
23,26,10,15
24,26,10,13
1,27,10,12
2,27,10,12
3,27,10,13
4,27,10,13
5,27,10,13
6,27,10,12
7,27,10,11
8,27,10,11
9,27,10,20
10,27,10,21
11,27,10,22
12,27,10,24
13,27,10,31
14,27,10,32
15,27,10,32
16,27,10,32
17,27,10,31
18,27,10,31
19,27,10,20
20,27,10,16
21,27,10,14
22,27,10,17
23,27,10,22
24,27,10,25
1,28,10,23
2,28,10,24
3,28,10,20
4,28,10,11
5,28,10,9
6,28,10,8
7,28,10,8
8,28,10,10
9,28,10,14
10,28,10,22
11,28,10,24
12,28,10,26
13,28,10,27
14,28,10,27
15,28,10,27
16,28,10,26
17,28,10,25
18,28,10,24
19,28,10,22
20,28,10,21
21,28,10,22
22,28,10,23
23,28,10,22
24,28,10,21
1,29,10,20
2,29,10,20
3,29,10,21
4,29,10,20
5,29,10,19
6,29,10,17
7,29,10,14
8,29,10,15
9,29,10,17
10,29,10,20
11,29,10,21
12,29,10,22
13,29,10,25
14,29,10,29
15,29,10,32
16,29,10,32
17,29,10,30
18,29,10,27
19,29,10,25
20,29,10,26
21,29,10,26
22,29,10,24
23,29,10,24
24,29,10,26
1,30,10,26
2,30,10,26
3,30,10,25
4,30,10,26
5,30,10,25
6,30,10,24
7,30,10,23
8,30,10,23
9,30,10,23
10,30,10,23
11,30,10,25
12,30,10,24
13,30,10,23
14,30,10,22
15,30,10,21
16,30,10,21
17,30,10,21
18,30,10,20
19,30,10,18
20,30,10,18
21,30,10,18
22,30,10,17
23,30,10,17
24,30,10,17
1,31,10,17
2,31,10,16
3,31,10,17
4,31,10,18
5,31,10,18
6,31,10,17
7,31,10,14
8,31,10,11
9,31,10,10
10,31,10,11
11,31,10,12
12,31,10,12
13,31,10,14
14,31,10,13
15,31,10,14
16,31,10,14
17,31,10,15
18,31,10,18
19,31,10,24
20,31,10,23
21,31,10,19
22,31,10,18
23,31,10,20
24,31,10,21
1,1,11,23
2,1,11,21
3,1,11,20
4,1,11,16
5,1,11,20
6,1,11,20
7,1,11,19
8,1,11,19
9,1,11,20
10,1,11,22
11,1,11,24
12,1,11,25
13,1,11,25
14,1,11,26
15,1,11,26
16,1,11,26
17,1,11,26
18,1,11,26
19,1,11,24
20,1,11,23
21,1,11,22
22,1,11,21
23,1,11,21
24,1,11,20
1,2,11,20
2,2,11,20
3,2,11,17
4,2,11,18
5,2,11,18
6,2,11,16
7,2,11,5
8,2,11,4
9,2,11,8
10,2,11,14
11,2,11,16
12,2,11,17
13,2,11,19
14,2,11,20
15,2,11,24
16,2,11,20
17,2,11,18
18,2,11,18
19,2,11,14
20,2,11,11
21,2,11,15
22,2,11,15
23,2,11,14
24,2,11,12
1,3,11,11
2,3,11,12
3,3,11,11
4,3,11,10
5,3,11,10
6,3,11,8
7,3,11,7
8,3,11,6
9,3,11,9
10,3,11,15
11,3,11,23
12,3,11,26
13,3,11,28
14,3,11,28
15,3,11,29
16,3,11,29
17,3,11,27
18,3,11,24
19,3,11,21
20,3,11,16
21,3,11,16
22,3,11,18
23,3,11,17
24,3,11,15
1,4,11,14
2,4,11,14
3,4,11,13
4,4,11,15
5,4,11,14
6,4,11,14
7,4,11,9
8,4,11,12
9,4,11,12
10,4,11,13
11,4,11,24
12,4,11,24
13,4,11,29
14,4,11,31
15,4,11,30
16,4,11,29
17,4,11,28
18,4,11,24
19,4,11,24
20,4,11,12
21,4,11,2
22,4,11,2
23,4,11,2
24,4,11,1
1,5,11,1
2,5,11,1
3,5,11,1
4,5,11,1
5,5,11,1
6,5,11,2
7,5,11,1
8,5,11,7
9,5,11,16
10,5,11,16
11,5,11,20
12,5,11,24
13,5,11,28
14,5,11,31
15,5,11,32
16,5,11,32
17,5,11,31
18,5,11,29
19,5,11,29
20,5,11,26
21,5,11,24
22,5,11,23
23,5,11,25
24,5,11,23
1,6,11,23
2,6,11,20
3,6,11,14
4,6,11,5
5,6,11,10
6,6,11,13
7,6,11,9
8,6,11,14
9,6,11,17
10,6,11,21
11,6,11,25
12,6,11,30
13,6,11,33
14,6,11,34
15,6,11,34
16,6,11,32
17,6,11,30
18,6,11,26
19,6,11,27
20,6,11,30
21,6,11,29
22,6,11,26
23,6,11,23
24,6,11,21
1,7,11,18
2,7,11,18
3,7,11,13
4,7,11,19
5,7,11,13
6,7,11,13
7,7,11,9
8,7,11,8
9,7,11,15
10,7,11,17
11,7,11,21
12,7,11,31
13,7,11,36
14,7,11,38
15,7,11,38
16,7,11,36
17,7,11,34
18,7,11,34
19,7,11,35
20,7,11,34
21,7,11,32
22,7,11,27
23,7,11,27
24,7,11,27
1,8,11,26
2,8,11,22
3,8,11,21
4,8,11,17
5,8,11,9
6,8,11,4
7,8,11,5
8,8,11,3
9,8,11,3
10,8,11,6
11,8,11,14
12,8,11,27
13,8,11,32
14,8,11,33
15,8,11,32
16,8,11,30
17,8,11,28
18,8,11,26
19,8,11,30
20,8,11,29
21,8,11,30
22,8,11,29
23,8,11,27
24,8,11,28
1,9,11,24
2,9,11,23
3,9,11,23
4,9,11,24
5,9,11,21
6,9,11,22
7,9,11,21
8,9,11,19
9,9,11,16
10,9,11,22
11,9,11,26
12,9,11,26
13,9,11,28
14,9,11,31
15,9,11,31
16,9,11,28
17,9,11,25
18,9,11,24
19,9,11,10
20,9,11,11
21,9,11,13
22,9,11,11
23,9,11,14
24,9,11,13
1,10,11,13
2,10,11,7
3,10,11,11
4,10,11,11
5,10,11,12
6,10,11,14
7,10,11,13
8,10,11,10
9,10,11,14
10,10,11,17
11,10,11,21
12,10,11,28
13,10,11,30
14,10,11,31
15,10,11,33
16,10,11,30
17,10,11,29
18,10,11,24
19,10,11,21
20,10,11,12
21,10,11,8
22,10,11,8
23,10,11,9
24,10,11,11
1,11,11,8
2,11,11,13
3,11,11,15
4,11,11,14
5,11,11,14
6,11,11,13
7,11,11,12
8,11,11,8
9,11,11,12
10,11,11,18
11,11,11,24
12,11,11,25
13,11,11,25
14,11,11,23
15,11,11,20
16,11,11,21
17,11,11,21
18,11,11,21
19,11,11,21
20,11,11,20
21,11,11,20
22,11,11,20
23,11,11,21
24,11,11,21
1,12,11,21
2,12,11,21
3,12,11,22
4,12,11,21
5,12,11,21
6,12,11,22
7,12,11,21
8,12,11,20
9,12,11,16
10,12,11,19
11,12,11,16
12,12,11,15
13,12,11,23
14,12,11,27
15,12,11,28
16,12,11,29
17,12,11,26
18,12,11,17
19,12,11,21
20,12,11,21
21,12,11,16
22,12,11,15
23,12,11,21
24,12,11,20
1,13,11,20
2,13,11,17
3,13,11,12
4,13,11,6
5,13,11,5
6,13,11,8
7,13,11,7
8,13,11,6
9,13,11,6
10,13,11,8
11,13,11,11
12,13,11,23
13,13,11,26
14,13,11,23
15,13,11,21
16,13,11,19
17,13,11,17
18,13,11,14
19,13,11,13
20,13,11,14
21,13,11,14
22,13,11,12
23,13,11,10
24,13,11,10
1,14,11,10
2,14,11,15
3,14,11,15
4,14,11,19
5,14,11,20
6,14,11,20
7,14,11,19
8,14,11,18
9,14,11,17
10,14,11,18
11,14,11,20
12,14,11,22
13,14,11,24
14,14,11,25
15,14,11,24
16,14,11,22
17,14,11,21
18,14,11,20
19,14,11,23
20,14,11,23
21,14,11,23
22,14,11,22
23,14,11,20
24,14,11,19
1,15,11,16
2,15,11,17
3,15,11,17
4,15,11,16
5,15,11,14
6,15,11,14
7,15,11,12
8,15,11,9
9,15,11,11
10,15,11,13
11,15,11,13
12,15,11,15
13,15,11,21
14,15,11,22
15,15,11,23
16,15,11,23
17,15,11,22
18,15,11,20
19,15,11,19
20,15,11,18
21,15,11,17
22,15,11,16
23,15,11,16
24,15,11,15
1,16,11,15
2,16,11,15
3,16,11,20
4,16,11,22
5,16,11,25
6,16,11,25
7,16,11,23
8,16,11,20
9,16,11,20
10,16,11,23
11,16,11,27
12,16,11,29
13,16,11,30
14,16,11,29
15,16,11,28
16,16,11,28
17,16,11,27
18,16,11,26
19,16,11,24
20,16,11,19
21,16,11,21
22,16,11,23
23,16,11,22
24,16,11,11
1,17,11,9
2,17,11,6
3,17,11,1
4,17,11,1
5,17,11,1
6,17,11,4
7,17,11,4
8,17,11,9
9,17,11,17
10,17,11,19
11,17,11,22
12,17,11,21
13,17,11,21
14,17,11,21
15,17,11,17
16,17,11,18
17,17,11,17
18,17,11,17
19,17,11,16
20,17,11,17
21,17,11,17
22,17,11,17
23,17,11,17
24,17,11,15
1,18,11,15
2,18,11,14
3,18,11,13
4,18,11,12
5,18,11,11
6,18,11,8
7,18,11,7
8,18,11,7
9,18,11,3
10,18,11,2
11,18,11,2
12,18,11,5
13,18,11,10
14,18,11,12
15,18,11,15
16,18,11,16
17,18,11,17
18,18,11,18
19,18,11,19
20,18,11,26
21,18,11,27
22,18,11,26
23,18,11,27
24,18,11,24
1,19,11,25
2,19,11,24
3,19,11,23
4,19,11,21
5,19,11,20
6,19,11,19
7,19,11,17
8,19,11,19
9,19,11,20
10,19,11,22
11,19,11,26
12,19,11,27
13,19,11,27
14,19,11,28
15,19,11,28
16,19,11,28
17,19,11,28
18,19,11,26
19,19,11,24
20,19,11,22
21,19,11,21
22,19,11,23
23,19,11,22
24,19,11,20
1,20,11,19
2,20,11,18
3,20,11,15
4,20,11,10
5,20,11,4
6,20,11,2
7,20,11,1
8,20,11,1
9,20,11,3
10,20,11,6
11,20,11,7
12,20,11,14
13,20,11,20
14,20,11,21
15,20,11,19
16,20,11,17
17,20,11,16
18,20,11,14
19,20,11,12
20,20,11,13
21,20,11,14
22,20,11,14
23,20,11,17
24,20,11,18
1,21,11,17
2,21,11,16
3,21,11,15
4,21,11,13
5,21,11,13
6,21,11,12
7,21,11,10
8,21,11,14
9,21,11,9
10,21,11,12
11,21,11,18
12,21,11,20
13,21,11,20
14,21,11,22
15,21,11,22
16,21,11,22
17,21,11,20
18,21,11,19
19,21,11,19
20,21,11,17
21,21,11,18
22,21,11,19
23,21,11,27
24,21,11,27
1,22,11,27
2,22,11,26
3,22,11,25
4,22,11,24
5,22,11,25
6,22,11,27
7,22,11,28
8,22,11,33
9,22,11,31
10,22,11,32
11,22,11,32
12,22,11,32
13,22,11,32
14,22,11,31
15,22,11,30
16,22,11,29
17,22,11,29
18,22,11,27
19,22,11,26
20,22,11,25
21,22,11,24
22,22,11,26
23,22,11,26
24,22,11,26
1,23,11,25
2,23,11,26
3,23,11,24
4,23,11,24
5,23,11,25
6,23,11,26
7,23,11,28
8,23,11,26
9,23,11,27
10,23,11,28
11,23,11,28
12,23,11,28
13,23,11,28
14,23,11,28
15,23,11,28
16,23,11,27
17,23,11,25
18,23,11,23
19,23,11,24
20,23,11,23
21,23,11,22
22,23,11,19
23,23,11,15
24,23,11,18
1,24,11,17
2,24,11,15
3,24,11,12
4,24,11,3
5,24,11,1
6,24,11,1
7,24,11,1
8,24,11,1
9,24,11,2
10,24,11,8
11,24,11,18
12,24,11,23
13,24,11,24
14,24,11,26
15,24,11,26
16,24,11,23
17,24,11,20
18,24,11,18
19,24,11,19
20,24,11,21
21,24,11,19
22,24,11,13
23,24,11,10
24,24,11,16
1,25,11,15
2,25,11,18
3,25,11,18
4,25,11,19
5,25,11,11
6,25,11,8
7,25,11,6
8,25,11,5
9,25,11,4
10,25,11,4
11,25,11,3
12,25,11,3
13,25,11,3
14,25,11,4
15,25,11,3
16,25,11,3
17,25,11,2
18,25,11,3
19,25,11,5
20,25,11,2
21,25,11,2
22,25,11,2
23,25,11,2
24,25,11,2
1,26,11,2
2,26,11,1
3,26,11,1
4,26,11,1
5,26,11,1
6,26,11,1
7,26,11,1
8,26,11,1
9,26,11,3
10,26,11,4
11,26,11,6
12,26,11,8
13,26,11,9
14,26,11,14
15,26,11,17
16,26,11,20
17,26,11,22
18,26,11,24
19,26,11,25
20,26,11,26
21,26,11,27
22,26,11,28
23,26,11,28
24,26,11,29
1,27,11,30
2,27,11,29
3,27,11,30
4,27,11,29
5,27,11,29
6,27,11,28
7,27,11,27
8,27,11,26
9,27,11,26
10,27,11,26
11,27,11,27
12,27,11,28
13,27,11,29
14,27,11,29
15,27,11,29
16,27,11,29
17,27,11,28
18,27,11,28
19,27,11,28
20,27,11,28
21,27,11,27
22,27,11,25
23,27,11,25
24,27,11,24
1,28,11,21
2,28,11,25
3,28,11,24
4,28,11,22
5,28,11,23
6,28,11,21
7,28,11,20
8,28,11,20
9,28,11,20
10,28,11,24
11,28,11,25
12,28,11,25
13,28,11,23
14,28,11,27
15,28,11,28
16,28,11,28
17,28,11,25
18,28,11,23
19,28,11,20
20,28,11,21
21,28,11,19
22,28,11,11
23,28,11,16
24,28,11,21
1,29,11,18
2,29,11,19
3,29,11,21
4,29,11,20
5,29,11,18
6,29,11,16
7,29,11,17
8,29,11,13
9,29,11,14
10,29,11,19
11,29,11,23
12,29,11,25
13,29,11,26
14,29,11,27
15,29,11,28
16,29,11,26
17,29,11,24
18,29,11,25
19,29,11,26
20,29,11,26
21,29,11,25
22,29,11,25
23,29,11,26
24,29,11,25
1,30,11,25
2,30,11,23
3,30,11,22
4,30,11,17
5,30,11,14
6,30,11,10
7,30,11,10
8,30,11,6
9,30,11,9
10,30,11,10
11,30,11,12
12,30,11,13
13,30,11,16
14,30,11,16
15,30,11,15
16,30,11,15
17,30,11,15
18,30,11,14
19,30,11,12
20,30,11,8
21,30,11,9
22,30,11,12
23,30,11,11
24,30,11,15
1,1,12,19
2,1,12,15
3,1,12,10
4,1,12,13
5,1,12,17
6,1,12,20
7,1,12,23
8,1,12,25
9,1,12,27
10,1,12,28
11,1,12,31
12,1,12,31
13,1,12,30
14,1,12,30
15,1,12,30
16,1,12,26
17,1,12,20
18,1,12,13
19,1,12,10
20,1,12,22
21,1,12,19
22,1,12,20
23,1,12,20
24,1,12,22
1,2,12,21
2,2,12,21
3,2,12,19
4,2,12,22
5,2,12,24
6,2,12,23
7,2,12,21
8,2,12,13
9,2,12,15
10,2,12,21
11,2,12,19
12,2,12,17
13,2,12,17
14,2,12,19
15,2,12,20
16,2,12,18
17,2,12,21
18,2,12,22
19,2,12,20
20,2,12,18
21,2,12,19
22,2,12,25
23,2,12,26
24,2,12,31
1,3,12,36
2,3,12,36
3,3,12,35
4,3,12,34
5,3,12,34
6,3,12,35
7,3,12,35
8,3,12,37
9,3,12,36
10,3,12,35
11,3,12,34
12,3,12,35
13,3,12,36
14,3,12,36
15,3,12,36
16,3,12,34
17,3,12,31
18,3,12,30
19,3,12,30
20,3,12,32
21,3,12,32
22,3,12,33
23,3,12,33
24,3,12,32
1,4,12,33
2,4,12,31
3,4,12,29
4,4,12,28
5,4,12,26
6,4,12,18
7,4,12,10
8,4,12,9
9,4,12,19
10,4,12,19
11,4,12,19
12,4,12,22
13,4,12,22
14,4,12,22
15,4,12,24
16,4,12,21
17,4,12,17
18,4,12,16
19,4,12,18
20,4,12,13
21,4,12,4
22,4,12,2
23,4,12,4
24,4,12,3
1,5,12,5
2,5,12,6
3,5,12,8
4,5,12,7
5,5,12,11
6,5,12,10
7,5,12,1
8,5,12,2
9,5,12,9
10,5,12,12
11,5,12,10
12,5,12,20
13,5,12,24
14,5,12,25
15,5,12,25
16,5,12,25
17,5,12,24
18,5,12,24
19,5,12,24
20,5,12,24
21,5,12,24
22,5,12,24
23,5,12,21
24,5,12,19
1,6,12,23
2,6,12,24
3,6,12,25
4,6,12,24
5,6,12,24
6,6,12,22
7,6,12,20
8,6,12,17
9,6,12,15
10,6,12,13
11,6,12,14
12,6,12,12
13,6,12,5
14,6,12,5
15,6,12,6
16,6,12,23
17,6,12,22
18,6,12,23
19,6,12,22
20,6,12,23
21,6,12,21
22,6,12,22
23,6,12,25
24,6,12,27
1,7,12,28
2,7,12,27
3,7,12,28
4,7,12,31
5,7,12,29
6,7,12,28
7,7,12,27
8,7,12,25
9,7,12,24
10,7,12,26
11,7,12,28
12,7,12,26
13,7,12,30
14,7,12,33
15,7,12,32
16,7,12,33
17,7,12,33
18,7,12,35
19,7,12,35
20,7,12,35
21,7,12,34
22,7,12,33
23,7,12,33
24,7,12,32
1,8,12,32
2,8,12,29
3,8,12,30
4,8,12,30
5,8,12,30
6,8,12,31
7,8,12,31
8,8,12,28
9,8,12,26
10,8,12,26
11,8,12,24
12,8,12,24
13,8,12,25
14,8,12,25
15,8,12,25
16,8,12,24
17,8,12,25
18,8,12,26
19,8,12,26
20,8,12,26
21,8,12,27
22,8,12,27
23,8,12,26
24,8,12,26
1,9,12,27
2,9,12,23
3,9,12,17
4,9,12,18
5,9,12,19
6,9,12,18
7,9,12,14
8,9,12,21
9,9,12,22
10,9,12,28
11,9,12,29
12,9,12,29
13,9,12,29
14,9,12,29
15,9,12,28
16,9,12,24
17,9,12,17
18,9,12,15
19,9,12,11
20,9,12,10
21,9,12,18
22,9,12,20
23,9,12,23
24,9,12,23
1,10,12,24
2,10,12,22
3,10,12,23
4,10,12,23
5,10,12,21
6,10,12,21
7,10,12,23
8,10,12,23
9,10,12,21
10,10,12,20
11,10,12,21
12,10,12,20
13,10,12,20
14,10,12,20
15,10,12,18
16,10,12,13
17,10,12,12
18,10,12,11
19,10,12,13
20,10,12,16
21,10,12,16
22,10,12,15
23,10,12,11
24,10,12,10
1,11,12,12
2,11,12,11
3,11,12,10
4,11,12,11
5,11,12,14
6,11,12,17
7,11,12,18
8,11,12,19
9,11,12,19
10,11,12,17
11,11,12,15
12,11,12,13
13,11,12,12
14,11,12,12
15,11,12,12
16,11,12,10
17,11,12,8
18,11,12,3
19,11,12,20
20,11,12,28
21,11,12,22
22,11,12,24
23,11,12,23
24,11,12,24
1,12,12,32
2,12,12,36
3,12,12,35
4,12,12,35
5,12,12,34
6,12,12,31
7,12,12,29
8,12,12,28
9,12,12,28
10,12,12,30
11,12,12,33
12,12,12,34
13,12,12,35
14,12,12,35
15,12,12,34
16,12,12,33
17,12,12,30
18,12,12,27
19,12,12,26
20,12,12,25
21,12,12,26
22,12,12,24
23,12,12,25
24,12,12,25
1,13,12,24
2,13,12,22
3,13,12,22
4,13,12,23
5,13,12,22
6,13,12,23
7,13,12,23
8,13,12,21
9,13,12,20
10,13,12,20
11,13,12,22
12,13,12,25
13,13,12,26
14,13,12,25
15,13,12,25
16,13,12,24
17,13,12,22
18,13,12,20
19,13,12,19
20,13,12,22
21,13,12,23
22,13,12,26
23,13,12,28
24,13,12,26
1,14,12,26
2,14,12,26
3,14,12,25
4,14,12,24
5,14,12,23
6,14,12,27
7,14,12,26
8,14,12,22
9,14,12,27
10,14,12,32
11,14,12,32
12,14,12,32
13,14,12,33
14,14,12,33
15,14,12,33
16,14,12,31
17,14,12,25
18,14,12,20
19,14,12,16
20,14,12,13
21,14,12,9
22,14,12,7
23,14,12,6
24,14,12,13
1,15,12,15
2,15,12,8
3,15,12,10
4,15,12,16
5,15,12,18
6,15,12,22
7,15,12,24
8,15,12,21
9,15,12,19
10,15,12,19
11,15,12,20
12,15,12,19
13,15,12,18
14,15,12,16
15,15,12,14
16,15,12,15
17,15,12,14
18,15,12,15
19,15,12,16
20,15,12,16
21,15,12,15
22,15,12,15
23,15,12,13
24,15,12,11
1,16,12,12
2,16,12,10
3,16,12,10
4,16,12,9
5,16,12,11
6,16,12,8
7,16,12,5
8,16,12,3
9,16,12,3
10,16,12,4
11,16,12,8
12,16,12,9
13,16,12,17
14,16,12,30
15,16,12,29
16,16,12,27
17,16,12,26
18,16,12,27
19,16,12,26
20,16,12,27
21,16,12,30
22,16,12,33
23,16,12,35
24,16,12,34
1,17,12,29
2,17,12,29
3,17,12,29
4,17,12,30
5,17,12,32
6,17,12,32
7,17,12,32
8,17,12,32
9,17,12,33
10,17,12,33
11,17,12,32
12,17,12,31
13,17,12,30
14,17,12,29
15,17,12,29
16,17,12,29
17,17,12,30
18,17,12,29
19,17,12,30
20,17,12,30
21,17,12,28
22,17,12,27
23,17,12,26
24,17,12,26
1,18,12,29
2,18,12,28
3,18,12,27
4,18,12,29
5,18,12,29
6,18,12,30
7,18,12,31
8,18,12,31
9,18,12,31
10,18,12,29
11,18,12,28
12,18,12,30
13,18,12,29
14,18,12,29
15,18,12,29
16,18,12,30
17,18,12,28
18,18,12,29
19,18,12,32
20,18,12,32
21,18,12,31
22,18,12,28
23,18,12,28
24,18,12,29
1,19,12,28
2,19,12,28
3,19,12,28
4,19,12,28
5,19,12,28
6,19,12,29
7,19,12,28
8,19,12,29
9,19,12,29
10,19,12,30
11,19,12,31
12,19,12,31
13,19,12,31
14,19,12,32
15,19,12,32
16,19,12,31
17,19,12,30
18,19,12,26
19,19,12,23
20,19,12,19
21,19,12,18
22,19,12,22
23,19,12,18
24,19,12,19
1,20,12,20
2,20,12,13
3,20,12,6
4,20,12,5
5,20,12,2
6,20,12,1
7,20,12,2
8,20,12,5
9,20,12,8
10,20,12,13
11,20,12,13
12,20,12,13
13,20,12,16
14,20,12,13
15,20,12,15
16,20,12,13
17,20,12,13
18,20,12,12
19,20,12,12
20,20,12,8
21,20,12,14
22,20,12,23
23,20,12,24
24,20,12,23
1,21,12,22
2,21,12,22
3,21,12,22
4,21,12,26
5,21,12,31
6,21,12,30
7,21,12,31
8,21,12,34
9,21,12,32
10,21,12,30
11,21,12,32
12,21,12,33
13,21,12,34
14,21,12,33
15,21,12,32
16,21,12,30
17,21,12,30
18,21,12,31
19,21,12,30
20,21,12,31
21,21,12,31
22,21,12,31
23,21,12,27
24,21,12,28
1,22,12,30
2,22,12,29
3,22,12,28
4,22,12,28
5,22,12,27
6,22,12,26
7,22,12,22
8,22,12,20
9,22,12,19
10,22,12,18
11,22,12,9
12,22,12,7
13,22,12,17
14,22,12,28
15,22,12,29
16,22,12,28
17,22,12,28
18,22,12,27
19,22,12,27
20,22,12,28
21,22,12,28
22,22,12,28
23,22,12,30
24,22,12,31
1,23,12,30
2,23,12,28
3,23,12,28
4,23,12,29
5,23,12,29
6,23,12,28
7,23,12,28
8,23,12,30
9,23,12,31
10,23,12,31
11,23,12,31
12,23,12,31
13,23,12,30
14,23,12,29
15,23,12,30
16,23,12,26
17,23,12,21
18,23,12,19
19,23,12,14
20,23,12,18
21,23,12,13
22,23,12,15
23,23,12,16
24,23,12,18
1,24,12,21
2,24,12,23
3,24,12,23
4,24,12,22
5,24,12,22
6,24,12,22
7,24,12,22
8,24,12,19
9,24,12,19
10,24,12,23
11,24,12,26
12,24,12,28
13,24,12,28
14,24,12,27
15,24,12,24
16,24,12,24
17,24,12,24
18,24,12,22
19,24,12,26
20,24,12,27
21,24,12,25
22,24,12,20
23,24,12,19
24,24,12,18
1,25,12,19
2,25,12,21
3,25,12,24
4,25,12,27
5,25,12,29
6,25,12,29
7,25,12,28
8,25,12,27
9,25,12,28
10,25,12,29
11,25,12,30
12,25,12,30
13,25,12,31
14,25,12,33
15,25,12,33
16,25,12,30
17,25,12,29
18,25,12,26
19,25,12,25
20,25,12,22
21,25,12,13
22,25,12,20
23,25,12,21
24,25,12,21
1,26,12,20
2,26,12,21
3,26,12,20
4,26,12,19
5,26,12,17
6,26,12,15
7,26,12,14
8,26,12,16
9,26,12,16
10,26,12,16
11,26,12,14
12,26,12,13
13,26,12,15
14,26,12,18
15,26,12,18
16,26,12,18
17,26,12,23
18,26,12,25
19,26,12,24
20,26,12,25
21,26,12,25
22,26,12,24
23,26,12,23
24,26,12,22
1,27,12,23
2,27,12,24
3,27,12,23
4,27,12,21
5,27,12,21
6,27,12,21
7,27,12,20
8,27,12,20
9,27,12,21
10,27,12,20
11,27,12,22
12,27,12,22
13,27,12,23
14,27,12,24
15,27,12,23
16,27,12,22
17,27,12,20
18,27,12,21
19,27,12,22
20,27,12,22
21,27,12,22
22,27,12,23
23,27,12,22
24,27,12,25
1,28,12,25
2,28,12,25
3,28,12,24
4,28,12,24
5,28,12,22
6,28,12,21
7,28,12,13
8,28,12,8
9,28,12,9
10,28,12,7
11,28,12,8
12,28,12,14
13,28,12,14
14,28,12,20
15,28,12,21
16,28,12,19
17,28,12,19
18,28,12,18
19,28,12,17
20,28,12,17
21,28,12,14
22,28,12,15
23,28,12,19
24,28,12,21
1,29,12,22
2,29,12,21
3,29,12,21
4,29,12,20
5,29,12,19
6,29,12,20
7,29,12,17
8,29,12,17
9,29,12,16
10,29,12,17
11,29,12,19
12,29,12,20
13,29,12,21
14,29,12,22
15,29,12,22
16,29,12,21
17,29,12,21
18,29,12,19
19,29,12,18
20,29,12,19
21,29,12,20
22,29,12,18
23,29,12,17
24,29,12,17
1,30,12,18
2,30,12,17
3,30,12,17
4,30,12,18
5,30,12,17
6,30,12,16
7,30,12,15
8,30,12,14
9,30,12,15
10,30,12,18
11,30,12,18
12,30,12,18
13,30,12,17
14,30,12,17
15,30,12,16
16,30,12,14
17,30,12,8
18,30,12,6
19,30,12,4
20,30,12,8
21,30,12,5
22,30,12,2
23,30,12,1
24,30,12,2
1,31,12,2
2,31,12,3
3,31,12,7
4,31,12,11
5,31,12,12
6,31,12,7
7,31,12,9
8,31,12,12
9,31,12,14
10,31,12,15
11,31,12,15
12,31,12,15
13,31,12,16
14,31,12,16
15,31,12,18
16,31,12,19
17,31,12,17
18,31,12,17
19,31,12,13
20,31,12,13
21,31,12,11
22,31,12,10
23,31,12,12
24,31,12,11
